{
    "dataset": "1201_BNG_breastTumor",
    "algorithm": "KTBoost",
    "params": {
        "alpha": 0.9,
        "alphaReg": 0.0002533038064345864,
        "base_learner": "combined",
        "criterion": "mse",
        "gamma": 1,
        "init": null,
        "kernel": "rbf",
        "learning_rate": 0.005472887376121656,
        "loss": "ls",
        "max_depth": 3,
        "max_features": 0.8887012615618688,
        "max_leaf_nodes": null,
        "min_impurity_decrease": 0.0,
        "min_samples_leaf": 1,
        "min_samples_split": 2,
        "min_weight_fraction_leaf": 0.0,
        "min_weight_leaf": 1.0,
        "n_components": 19,
        "n_estimators": 921,
        "n_iter_no_change": null,
        "n_neighbors": null,
        "nystroem": true,
        "prctg_neighbors": null,
        "random_state": 21575,
        "range_adjust": 1.0,
        "scaleX": false,
        "sigma": 1.0,
        "sparse": false,
        "subsample": 0.5332475153541497,
        "theta": 0.06598357711609948,
        "tol": 0.0001,
        "tweedie_variance_power": 1.5,
        "update_step": "hybrid",
        "validation_fraction": 0.1,
        "verbose": 0,
        "warm_start": false,
        "yl": 0.0,
        "yu": 1.0
    },
    "random_state": 21575,
    "process_time": 1193.11023767,
    "time_time": 1194.5410442352295,
    "target_noise": 0.0,
    "feature_noise": 0.0,
    "model_size": 9,
    "symbolic_model": "not implemented",
    "mse_train": 90.7202826511743,
    "mae_train": 7.3879084474189805,
    "r2_train": 0.152630223499714,
    "mse_test": 93.8471665544677,
    "mae_test": 7.533151687407925,
    "r2_test": 0.12934932849633107
}