{
    "dataset": "1201_BNG_breastTumor",
    "algorithm": "KTBoost",
    "params": {
        "alpha": 0.9,
        "alphaReg": 0.06173064945807458,
        "base_learner": "combined",
        "criterion": "mse",
        "gamma": 1,
        "init": null,
        "kernel": "rbf",
        "learning_rate": 0.005748833338805464,
        "loss": "ls",
        "max_depth": 9,
        "max_features": 0.5259040274538196,
        "max_leaf_nodes": null,
        "min_impurity_decrease": 0.0,
        "min_samples_leaf": 1,
        "min_samples_split": 2,
        "min_weight_fraction_leaf": 0.0,
        "min_weight_leaf": 1.0,
        "n_components": 47,
        "n_estimators": 186,
        "n_iter_no_change": null,
        "n_neighbors": null,
        "nystroem": true,
        "prctg_neighbors": null,
        "random_state": 11284,
        "range_adjust": 1.0,
        "scaleX": false,
        "sigma": 1.0,
        "sparse": false,
        "subsample": 0.7822100794829533,
        "theta": 0.1956435189694078,
        "tol": 0.0001,
        "tweedie_variance_power": 1.5,
        "update_step": "hybrid",
        "validation_fraction": 0.1,
        "verbose": 0,
        "warm_start": false,
        "yl": 0.0,
        "yu": 1.0
    },
    "random_state": 11284,
    "process_time": 1143.74049125,
    "time_time": 1145.0336499214172,
    "target_noise": 0.0,
    "feature_noise": 0.0,
    "model_size": 9,
    "symbolic_model": "not implemented",
    "mse_train": 77.78538306916161,
    "mae_train": 6.842322347811601,
    "r2_train": 0.2496079292269624,
    "mse_test": 94.87459260059893,
    "mae_test": 7.5906369137356835,
    "r2_test": 0.11594984908305261
}