{
    "dataset": "1201_BNG_breastTumor",
    "algorithm": "EF",
    "params": {
        "allow_repetitive": false,
        "base_learner": "Random-DT",
        "basic_gene_num": 0,
        "basic_primitives": "add,subtract,multiply,analytical_quotient,protect_sqrt,sin,cos,maximum,minimum,negative",
        "boost_size": 100,
        "bootstrap_training": false,
        "class_weight": null,
        "clearing_cluster_size": 0,
        "cross_pb": 0.9,
        "cv": 5,
        "decision_tree_count": 2,
        "diversity_search": "None",
        "dynamic_partition": "Self-Adaptive",
        "eager_training": false,
        "early_stop": -1,
        "environmental_selection": null,
        "external_archive": false,
        "feature_selection": false,
        "gene_num": 20,
        "initial_tree_size": "2-6",
        "max_height": 8,
        "max_leaf_nodes": null,
        "max_tree_depth": null,
        "mean_model": false,
        "min_samples_leaf": 1,
        "mutation_pb": 0.1,
        "mutation_scheme": "uniform-plus",
        "n_gen": 100,
        "n_pop": 200,
        "n_process": 1,
        "normalize": true,
        "only_original_features": true,
        "original_features": false,
        "partition_number": 4,
        "pre_selection": null,
        "ps_tree_cv_label": true,
        "ps_tree_local_model": "RidgeCV",
        "ps_tree_partition_model": "DecisionTree",
        "ps_tree_ratio": 0.1,
        "random_state": 21575,
        "reduction_ratio": 0,
        "score_func": "R2",
        "second_layer": null,
        "select": "AutomaticLexicase",
        "semantic_diversity": null,
        "shared_partition_scheme": false,
        "test_fun": null,
        "useless_feature_ratio": null,
        "verbose": false,
        "weighted_coef": false
    },
    "random_state": 21575,
    "process_time": 22786.0632596,
    "time_time": 22787.050347805023,
    "target_noise": 0.0,
    "feature_noise": 0.0,
    "model_size": 262644,
    "symbolic_model": "not implemented",
    "mse_train": 74.65602354419224,
    "mae_train": 6.475019139111004,
    "r2_train": 0.30267790028514197,
    "mse_test": 96.91921105238647,
    "mae_test": 7.599521331930372,
    "r2_test": 0.10084897304393936
}