{
    "dataset": "1201_BNG_breastTumor",
    "algorithm": "KTBoost",
    "params": {
        "alpha": 0.9,
        "alphaReg": 722.034135227284,
        "base_learner": "combined",
        "criterion": "mse",
        "gamma": 1,
        "init": null,
        "kernel": "rbf",
        "learning_rate": 0.004609906539062326,
        "loss": "ls",
        "max_depth": 6,
        "max_features": 0.6369882481442017,
        "max_leaf_nodes": null,
        "min_impurity_decrease": 0.0,
        "min_samples_leaf": 1,
        "min_samples_split": 2,
        "min_weight_fraction_leaf": 0.0,
        "min_weight_leaf": 1.0,
        "n_components": 77,
        "n_estimators": 360,
        "n_iter_no_change": null,
        "n_neighbors": null,
        "nystroem": true,
        "prctg_neighbors": null,
        "random_state": 6265,
        "range_adjust": 1.0,
        "scaleX": false,
        "sigma": 1.0,
        "sparse": false,
        "subsample": 0.5389043641659903,
        "theta": 0.7937340495208117,
        "tol": 0.0001,
        "tweedie_variance_power": 1.5,
        "update_step": "hybrid",
        "validation_fraction": 0.1,
        "verbose": 0,
        "warm_start": false,
        "yl": 0.0,
        "yu": 1.0
    },
    "random_state": 6265,
    "process_time": 1169.66967217,
    "time_time": 1171.3724422454834,
    "target_noise": 0.0,
    "feature_noise": 0.0,
    "model_size": 9,
    "symbolic_model": "not implemented",
    "mse_train": 89.90773159089416,
    "mae_train": 7.405562105535121,
    "r2_train": 0.17197660507248613,
    "mse_test": 94.29097222493994,
    "mae_test": 7.583170121144988,
    "r2_test": 0.12555495078562895
}