{
    "dataset": "1201_BNG_breastTumor",
    "algorithm": "KTBoost",
    "params": {
        "alpha": 0.9,
        "alphaReg": 19.200627815542884,
        "base_learner": "combined",
        "criterion": "mse",
        "gamma": 1,
        "init": null,
        "kernel": "rbf",
        "learning_rate": 0.00810762761290361,
        "loss": "ls",
        "max_depth": 7,
        "max_features": 0.7841968816037368,
        "max_leaf_nodes": null,
        "min_impurity_decrease": 0.0,
        "min_samples_leaf": 1,
        "min_samples_split": 2,
        "min_weight_fraction_leaf": 0.0,
        "min_weight_leaf": 1.0,
        "n_components": 83,
        "n_estimators": 137,
        "n_iter_no_change": null,
        "n_neighbors": null,
        "nystroem": true,
        "prctg_neighbors": null,
        "random_state": 11964,
        "range_adjust": 1.0,
        "scaleX": false,
        "sigma": 1.0,
        "sparse": false,
        "subsample": 0.5526177370877743,
        "theta": 0.06183455678534549,
        "tol": 0.0001,
        "tweedie_variance_power": 1.5,
        "update_step": "hybrid",
        "validation_fraction": 0.1,
        "verbose": 0,
        "warm_start": false,
        "yl": 0.0,
        "yu": 1.0
    },
    "random_state": 11964,
    "process_time": 1201.4215302399998,
    "time_time": 1202.5167751312256,
    "target_noise": 0.0,
    "feature_noise": 0.0,
    "model_size": 9,
    "symbolic_model": "not implemented",
    "mse_train": 87.24636537234227,
    "mae_train": 7.301589074276338,
    "r2_train": 0.18606608114286793,
    "mse_test": 94.1402685257788,
    "mae_test": 7.545006694876016,
    "r2_test": 0.11938654274155824
}