{
    "dataset": "218_house_8L",
    "algorithm": "KTBoost",
    "params": {
        "alpha": 0.9,
        "alphaReg": 0.0017324049117447735,
        "base_learner": "combined",
        "criterion": "mse",
        "gamma": 1,
        "init": null,
        "kernel": "rbf",
        "learning_rate": 0.019327154304375087,
        "loss": "ls",
        "max_depth": 15,
        "max_features": 0.55974490873239,
        "max_leaf_nodes": null,
        "min_impurity_decrease": 0.0,
        "min_samples_leaf": 1,
        "min_samples_split": 2,
        "min_weight_fraction_leaf": 0.0,
        "min_weight_leaf": 1.0,
        "n_components": 17,
        "n_estimators": 826,
        "n_iter_no_change": null,
        "n_neighbors": null,
        "nystroem": true,
        "prctg_neighbors": null,
        "random_state": 22118,
        "range_adjust": 1.0,
        "scaleX": false,
        "sigma": 1.0,
        "sparse": false,
        "subsample": 0.625072907301716,
        "theta": 0.04670392447092458,
        "tol": 0.0001,
        "tweedie_variance_power": 1.5,
        "update_step": "hybrid",
        "validation_fraction": 0.1,
        "verbose": 0,
        "warm_start": false,
        "yl": 0.0,
        "yu": 1.0
    },
    "random_state": 22118,
    "process_time": 1740.95633954,
    "time_time": 1741.9231042861938,
    "target_noise": 0.0,
    "feature_noise": 0.0,
    "model_size": 8,
    "symbolic_model": "not implemented",
    "mse_train": 48500.577810850395,
    "mae_train": 157.36357197116405,
    "r2_train": 0.9999815647463807,
    "mse_test": 933922568.2367238,
    "mae_test": 16141.554576058339,
    "r2_test": 0.6884739289091977
}