{
    "dataset": "218_house_8L",
    "algorithm": "KTBoost",
    "params": {
        "alpha": 0.9,
        "alphaReg": 0.0003415928909642668,
        "base_learner": "combined",
        "criterion": "mse",
        "gamma": 1,
        "init": null,
        "kernel": "rbf",
        "learning_rate": 0.03327195951047237,
        "loss": "ls",
        "max_depth": 7,
        "max_features": 0.6732071642670636,
        "max_leaf_nodes": null,
        "min_impurity_decrease": 0.0,
        "min_samples_leaf": 1,
        "min_samples_split": 2,
        "min_weight_fraction_leaf": 0.0,
        "min_weight_leaf": 1.0,
        "n_components": 41,
        "n_estimators": 834,
        "n_iter_no_change": null,
        "n_neighbors": null,
        "nystroem": true,
        "prctg_neighbors": null,
        "random_state": 6265,
        "range_adjust": 1.0,
        "scaleX": false,
        "sigma": 1.0,
        "sparse": false,
        "subsample": 0.7760732801038612,
        "theta": 20.502558112078933,
        "tol": 0.0001,
        "tweedie_variance_power": 1.5,
        "update_step": "hybrid",
        "validation_fraction": 0.1,
        "verbose": 0,
        "warm_start": false,
        "yl": 0.0,
        "yu": 1.0
    },
    "random_state": 6265,
    "process_time": 1785.47270791,
    "time_time": 1786.3037703037262,
    "target_noise": 0.0,
    "feature_noise": 0.0,
    "model_size": 8,
    "symbolic_model": "not implemented",
    "mse_train": 39987372.56123587,
    "mae_train": 4631.4507816068335,
    "r2_train": 0.9858939699029995,
    "mse_test": 840865331.5336571,
    "mae_test": 15574.017893093776,
    "r2_test": 0.7006042879087631
}