{
    "dataset": "1030_ERA",
    "algorithm": "KTBoost",
    "params": {
        "alpha": 0.9,
        "alphaReg": 202.95476817395343,
        "base_learner": "combined",
        "criterion": "mse",
        "gamma": 1,
        "init": null,
        "kernel": "rbf",
        "learning_rate": 0.004520050730987434,
        "loss": "ls",
        "max_depth": 2,
        "max_features": 0.7915494641884883,
        "max_leaf_nodes": null,
        "min_impurity_decrease": 0.0,
        "min_samples_leaf": 1,
        "min_samples_split": 2,
        "min_weight_fraction_leaf": 0.0,
        "min_weight_leaf": 1.0,
        "n_components": 32,
        "n_estimators": 409,
        "n_iter_no_change": null,
        "n_neighbors": null,
        "nystroem": true,
        "prctg_neighbors": null,
        "random_state": 11964,
        "range_adjust": 1.0,
        "scaleX": false,
        "sigma": 1.0,
        "sparse": false,
        "subsample": 0.5381131026066978,
        "theta": 0.033143956687429886,
        "tol": 0.0001,
        "tweedie_variance_power": 1.5,
        "update_step": "hybrid",
        "validation_fraction": 0.1,
        "verbose": 0,
        "warm_start": false,
        "yl": 0.0,
        "yu": 1.0
    },
    "random_state": 11964,
    "process_time": 1023.75979239,
    "time_time": 1024.9646418094635,
    "target_noise": 0.0,
    "feature_noise": 0.0,
    "model_size": 4,
    "symbolic_model": "not implemented",
    "mse_train": 2.449531904096709,
    "mae_train": 1.2727189841375144,
    "r2_train": 0.37563730762356373,
    "mse_test": 2.61683570346061,
    "mae_test": 1.3223156840985653,
    "r2_test": 0.3357907395088935
}