{
    "dataset": "1030_ERA",
    "algorithm": "KTBoost",
    "params": {
        "alpha": 0.9,
        "alphaReg": 184.62315285987057,
        "base_learner": "combined",
        "criterion": "mse",
        "gamma": 1,
        "init": null,
        "kernel": "rbf",
        "learning_rate": 0.008562882869837233,
        "loss": "ls",
        "max_depth": 6,
        "max_features": 0.9134577638103141,
        "max_leaf_nodes": null,
        "min_impurity_decrease": 0.0,
        "min_samples_leaf": 1,
        "min_samples_split": 2,
        "min_weight_fraction_leaf": 0.0,
        "min_weight_leaf": 1.0,
        "n_components": 10,
        "n_estimators": 98,
        "n_iter_no_change": null,
        "n_neighbors": null,
        "nystroem": true,
        "prctg_neighbors": null,
        "random_state": 15795,
        "range_adjust": 1.0,
        "scaleX": false,
        "sigma": 1.0,
        "sparse": false,
        "subsample": 0.5997913572257185,
        "theta": 3.4897570513005967,
        "tol": 0.0001,
        "tweedie_variance_power": 1.5,
        "update_step": "hybrid",
        "validation_fraction": 0.1,
        "verbose": 0,
        "warm_start": false,
        "yl": 0.0,
        "yu": 1.0
    },
    "random_state": 15795,
    "process_time": 1028.27840644,
    "time_time": 1029.172024488449,
    "target_noise": 0.0,
    "feature_noise": 0.0,
    "model_size": 4,
    "symbolic_model": "not implemented",
    "mse_train": 2.5529111223125582,
    "mae_train": 1.3284187674197292,
    "r2_train": 0.3382845562209861,
    "mse_test": 2.778025011335304,
    "mae_test": 1.3592270605587644,
    "r2_test": 0.32288477461496323
}