{
    "dataset": "1030_ERA",
    "algorithm": "KTBoost",
    "params": {
        "alpha": 0.9,
        "alphaReg": 398.2053751194812,
        "base_learner": "combined",
        "criterion": "mse",
        "gamma": 1,
        "init": null,
        "kernel": "rbf",
        "learning_rate": 0.006926974391617007,
        "loss": "ls",
        "max_depth": 7,
        "max_features": 0.6661586468281251,
        "max_leaf_nodes": null,
        "min_impurity_decrease": 0.0,
        "min_samples_leaf": 1,
        "min_samples_split": 2,
        "min_weight_fraction_leaf": 0.0,
        "min_weight_leaf": 1.0,
        "n_components": 98,
        "n_estimators": 117,
        "n_iter_no_change": null,
        "n_neighbors": null,
        "nystroem": true,
        "prctg_neighbors": null,
        "random_state": 21575,
        "range_adjust": 1.0,
        "scaleX": false,
        "sigma": 1.0,
        "sparse": false,
        "subsample": 0.5035561043964747,
        "theta": 0.5123623783305772,
        "tol": 0.0001,
        "tweedie_variance_power": 1.5,
        "update_step": "hybrid",
        "validation_fraction": 0.1,
        "verbose": 0,
        "warm_start": false,
        "yl": 0.0,
        "yu": 1.0
    },
    "random_state": 21575,
    "process_time": 1044.20541914,
    "time_time": 1044.922678232193,
    "target_noise": 0.0,
    "feature_noise": 0.0,
    "model_size": 4,
    "symbolic_model": "not implemented",
    "mse_train": 2.634829167370501,
    "mae_train": 1.3520072447848535,
    "r2_train": 0.3375819896674943,
    "mse_test": 2.5392565054463474,
    "mae_test": 1.3040657039642418,
    "r2_test": 0.32798585884038123
}