{
    "dataset": "192_vineyard",
    "algorithm": "KTBoost",
    "params": {
        "alpha": 0.9,
        "alphaReg": 2.048187584029962e-06,
        "base_learner": "combined",
        "criterion": "mse",
        "gamma": 1,
        "init": null,
        "kernel": "rbf",
        "learning_rate": 0.004438321392306832,
        "loss": "ls",
        "max_depth": 19,
        "max_features": 0.844916540211692,
        "max_leaf_nodes": null,
        "min_impurity_decrease": 0.0,
        "min_samples_leaf": 1,
        "min_samples_split": 2,
        "min_weight_fraction_leaf": 0.0,
        "min_weight_leaf": 1.0,
        "n_components": 14,
        "n_estimators": 312,
        "n_iter_no_change": null,
        "n_neighbors": null,
        "nystroem": true,
        "prctg_neighbors": null,
        "random_state": 21575,
        "range_adjust": 1.0,
        "scaleX": false,
        "sigma": 1.0,
        "sparse": false,
        "subsample": 0.6132073454096456,
        "theta": 2.510182109164317,
        "tol": 0.0001,
        "tweedie_variance_power": 1.5,
        "update_step": "hybrid",
        "validation_fraction": 0.1,
        "verbose": 0,
        "warm_start": false,
        "yl": 0.0,
        "yu": 1.0
    },
    "random_state": 21575,
    "process_time": 1013.95057637,
    "time_time": 1014.3492472171783,
    "target_noise": 0.0,
    "feature_noise": 0.0,
    "model_size": 2,
    "symbolic_model": "not implemented",
    "mse_train": 2.0996632127374406,
    "mae_train": 1.1829967673364348,
    "r2_train": 0.8964885261624294,
    "mse_test": 12.454679762241703,
    "mae_test": 3.1868836406098486,
    "r2_test": 0.13965220526513467
}