{
    "dataset": "192_vineyard",
    "algorithm": "KTBoost",
    "params": {
        "alpha": 0.9,
        "alphaReg": 0.018586545600423696,
        "base_learner": "combined",
        "criterion": "mse",
        "gamma": 1,
        "init": null,
        "kernel": "rbf",
        "learning_rate": 0.006524606839381794,
        "loss": "ls",
        "max_depth": 1,
        "max_features": 0.7692954291069105,
        "max_leaf_nodes": null,
        "min_impurity_decrease": 0.0,
        "min_samples_leaf": 1,
        "min_samples_split": 2,
        "min_weight_fraction_leaf": 0.0,
        "min_weight_leaf": 1.0,
        "n_components": 4,
        "n_estimators": 417,
        "n_iter_no_change": null,
        "n_neighbors": null,
        "nystroem": true,
        "prctg_neighbors": null,
        "random_state": 23654,
        "range_adjust": 1.0,
        "scaleX": false,
        "sigma": 1.0,
        "sparse": false,
        "subsample": 0.9928009724116689,
        "theta": 0.5243951060735135,
        "tol": 0.0001,
        "tweedie_variance_power": 1.5,
        "update_step": "hybrid",
        "validation_fraction": 0.1,
        "verbose": 0,
        "warm_start": false,
        "yl": 0.0,
        "yu": 1.0
    },
    "random_state": 23654,
    "process_time": 1067.85068828,
    "time_time": 1068.3771669864655,
    "target_noise": 0.0,
    "feature_noise": 0.0,
    "model_size": 2,
    "symbolic_model": "not implemented",
    "mse_train": 4.0249734759863784,
    "mae_train": 1.669712953367095,
    "r2_train": 0.7646838615861284,
    "mse_test": 9.62698406123123,
    "mae_test": 2.4246821142603032,
    "r2_test": 0.605298324515265
}