{
    "dataset": "192_vineyard",
    "algorithm": "KTBoost",
    "params": {
        "alpha": 0.9,
        "alphaReg": 5.958408044820897,
        "base_learner": "combined",
        "criterion": "mse",
        "gamma": 1,
        "init": null,
        "kernel": "rbf",
        "learning_rate": 0.03482464690470666,
        "loss": "ls",
        "max_depth": 1,
        "max_features": 0.9217565049846768,
        "max_leaf_nodes": null,
        "min_impurity_decrease": 0.0,
        "min_samples_leaf": 1,
        "min_samples_split": 2,
        "min_weight_fraction_leaf": 0.0,
        "min_weight_leaf": 1.0,
        "n_components": 74,
        "n_estimators": 89,
        "n_iter_no_change": null,
        "n_neighbors": null,
        "nystroem": true,
        "prctg_neighbors": null,
        "random_state": 22118,
        "range_adjust": 1.0,
        "scaleX": false,
        "sigma": 1.0,
        "sparse": false,
        "subsample": 0.6282741782291792,
        "theta": 0.3650019855745573,
        "tol": 0.0001,
        "tweedie_variance_power": 1.5,
        "update_step": "hybrid",
        "validation_fraction": 0.1,
        "verbose": 0,
        "warm_start": false,
        "yl": 0.0,
        "yu": 1.0
    },
    "random_state": 22118,
    "process_time": 988.54063459,
    "time_time": 989.5615594387054,
    "target_noise": 0.0,
    "feature_noise": 0.0,
    "model_size": 2,
    "symbolic_model": "not implemented",
    "mse_train": 3.126114295264323,
    "mae_train": 1.456421986942694,
    "r2_train": 0.7562818194675909,
    "mse_test": 16.155755666818404,
    "mae_test": 3.0353735978651235,
    "r2_test": 0.5430039823094301
}