{
    "dataset": "192_vineyard",
    "algorithm": "KTBoost",
    "params": {
        "alpha": 0.9,
        "alphaReg": 799.0990268095072,
        "base_learner": "combined",
        "criterion": "mse",
        "gamma": 1,
        "init": null,
        "kernel": "rbf",
        "learning_rate": 0.007850308949497339,
        "loss": "ls",
        "max_depth": 1,
        "max_features": 0.565778015347301,
        "max_leaf_nodes": null,
        "min_impurity_decrease": 0.0,
        "min_samples_leaf": 1,
        "min_samples_split": 2,
        "min_weight_fraction_leaf": 0.0,
        "min_weight_leaf": 1.0,
        "n_components": 31,
        "n_estimators": 759,
        "n_iter_no_change": null,
        "n_neighbors": null,
        "nystroem": true,
        "prctg_neighbors": null,
        "random_state": 5390,
        "range_adjust": 1.0,
        "scaleX": false,
        "sigma": 1.0,
        "sparse": false,
        "subsample": 0.9656247070021811,
        "theta": 6.839475729965916,
        "tol": 0.0001,
        "tweedie_variance_power": 1.5,
        "update_step": "hybrid",
        "validation_fraction": 0.1,
        "verbose": 0,
        "warm_start": false,
        "yl": 0.0,
        "yu": 1.0
    },
    "random_state": 5390,
    "process_time": 990.57920299,
    "time_time": 991.3205082416534,
    "target_noise": 0.0,
    "feature_noise": 0.0,
    "model_size": 2,
    "symbolic_model": "not implemented",
    "mse_train": 3.4243733312871587,
    "mae_train": 1.4637373780454979,
    "r2_train": 0.8422750598262467,
    "mse_test": 5.789249013145684,
    "mae_test": 2.1153011551714545,
    "r2_test": 0.45463596252975436
}