{
    "dataset": "1196_BNG_pharynx",
    "algorithm": "KTBoost",
    "params": {
        "alpha": 0.9,
        "alphaReg": 6.25097290596039e-06,
        "base_learner": "combined",
        "criterion": "mse",
        "gamma": 1,
        "init": null,
        "kernel": "rbf",
        "learning_rate": 0.005615816231249245,
        "loss": "ls",
        "max_depth": 3,
        "max_features": 0.5881796808740123,
        "max_leaf_nodes": null,
        "min_impurity_decrease": 0.0,
        "min_samples_leaf": 1,
        "min_samples_split": 2,
        "min_weight_fraction_leaf": 0.0,
        "min_weight_leaf": 1.0,
        "n_components": 27,
        "n_estimators": 954,
        "n_iter_no_change": null,
        "n_neighbors": null,
        "nystroem": true,
        "prctg_neighbors": null,
        "random_state": 21575,
        "range_adjust": 1.0,
        "scaleX": false,
        "sigma": 1.0,
        "sparse": false,
        "subsample": 0.7997318618400369,
        "theta": 0.4446986626068903,
        "tol": 0.0001,
        "tweedie_variance_power": 1.5,
        "update_step": "hybrid",
        "validation_fraction": 0.1,
        "verbose": 0,
        "warm_start": false,
        "yl": 0.0,
        "yu": 1.0
    },
    "random_state": 21575,
    "process_time": 1363.61544086,
    "time_time": 1364.3416442871094,
    "target_noise": 0.0,
    "feature_noise": 0.0,
    "model_size": 10,
    "symbolic_model": "not implemented",
    "mse_train": 87022.76787149954,
    "mae_train": 220.932887913129,
    "r2_train": 0.4968900563981159,
    "mse_test": 88520.72186140856,
    "mae_test": 222.69716012490343,
    "r2_test": 0.4918497199180275
}