{
    "dataset": "1196_BNG_pharynx",
    "algorithm": "KTBoost",
    "params": {
        "alpha": 0.9,
        "alphaReg": 0.009674177697761457,
        "base_learner": "combined",
        "criterion": "mse",
        "gamma": 1,
        "init": null,
        "kernel": "rbf",
        "learning_rate": 0.02357220156647501,
        "loss": "ls",
        "max_depth": 4,
        "max_features": 0.8263175489429548,
        "max_leaf_nodes": null,
        "min_impurity_decrease": 0.0,
        "min_samples_leaf": 1,
        "min_samples_split": 2,
        "min_weight_fraction_leaf": 0.0,
        "min_weight_leaf": 1.0,
        "n_components": 29,
        "n_estimators": 214,
        "n_iter_no_change": null,
        "n_neighbors": null,
        "nystroem": true,
        "prctg_neighbors": null,
        "random_state": 29802,
        "range_adjust": 1.0,
        "scaleX": false,
        "sigma": 1.0,
        "sparse": false,
        "subsample": 0.7233903841329425,
        "theta": 0.06095577170401036,
        "tol": 0.0001,
        "tweedie_variance_power": 1.5,
        "update_step": "hybrid",
        "validation_fraction": 0.1,
        "verbose": 0,
        "warm_start": false,
        "yl": 0.0,
        "yu": 1.0
    },
    "random_state": 29802,
    "process_time": 1371.95688805,
    "time_time": 1373.2041115760803,
    "target_noise": 0.0,
    "feature_noise": 0.0,
    "model_size": 10,
    "symbolic_model": "not implemented",
    "mse_train": 81563.94744859224,
    "mae_train": 212.01335040362588,
    "r2_train": 0.5247175694774329,
    "mse_test": 87720.92848543379,
    "mae_test": 219.30631268082726,
    "r2_test": 0.4972478412564879
}