{
    "dataset": "1196_BNG_pharynx",
    "algorithm": "KTBoost",
    "params": {
        "alpha": 0.9,
        "alphaReg": 10.428648216727325,
        "base_learner": "combined",
        "criterion": "mse",
        "gamma": 1,
        "init": null,
        "kernel": "rbf",
        "learning_rate": 0.006460314198248301,
        "loss": "ls",
        "max_depth": 4,
        "max_features": 0.6873758697258405,
        "max_leaf_nodes": null,
        "min_impurity_decrease": 0.0,
        "min_samples_leaf": 1,
        "min_samples_split": 2,
        "min_weight_fraction_leaf": 0.0,
        "min_weight_leaf": 1.0,
        "n_components": 89,
        "n_estimators": 604,
        "n_iter_no_change": null,
        "n_neighbors": null,
        "nystroem": true,
        "prctg_neighbors": null,
        "random_state": 860,
        "range_adjust": 1.0,
        "scaleX": false,
        "sigma": 1.0,
        "sparse": false,
        "subsample": 0.5202008942207976,
        "theta": 0.04162012238677658,
        "tol": 0.0001,
        "tweedie_variance_power": 1.5,
        "update_step": "hybrid",
        "validation_fraction": 0.1,
        "verbose": 0,
        "warm_start": false,
        "yl": 0.0,
        "yu": 1.0
    },
    "random_state": 860,
    "process_time": 1357.48165106,
    "time_time": 1357.7690181732178,
    "target_noise": 0.0,
    "feature_noise": 0.0,
    "model_size": 10,
    "symbolic_model": "not implemented",
    "mse_train": 83835.84876665476,
    "mae_train": 216.7405024074897,
    "r2_train": 0.5164211253190074,
    "mse_test": 88107.95589247144,
    "mae_test": 221.85791381005998,
    "r2_test": 0.4956088758952417
}