{
    "dataset": "229_pwLinear",
    "algorithm": "KTBoost",
    "params": {
        "alpha": 0.9,
        "alphaReg": 6.353812296990814e-05,
        "base_learner": "combined",
        "criterion": "mse",
        "gamma": 1,
        "init": null,
        "kernel": "rbf",
        "learning_rate": 0.057041522066621254,
        "loss": "ls",
        "max_depth": 14,
        "max_features": 0.8255187671831105,
        "max_leaf_nodes": null,
        "min_impurity_decrease": 0.0,
        "min_samples_leaf": 1,
        "min_samples_split": 2,
        "min_weight_fraction_leaf": 0.0,
        "min_weight_leaf": 1.0,
        "n_components": 10,
        "n_estimators": 707,
        "n_iter_no_change": null,
        "n_neighbors": null,
        "nystroem": true,
        "prctg_neighbors": null,
        "random_state": 11964,
        "range_adjust": 1.0,
        "scaleX": false,
        "sigma": 1.0,
        "sparse": false,
        "subsample": 0.6519790690445791,
        "theta": 0.03324272514627955,
        "tol": 0.0001,
        "tweedie_variance_power": 1.5,
        "update_step": "hybrid",
        "validation_fraction": 0.1,
        "verbose": 0,
        "warm_start": false,
        "yl": 0.0,
        "yu": 1.0
    },
    "random_state": 11964,
    "process_time": 1122.15460221,
    "time_time": 1123.8384852409363,
    "target_noise": 0.0,
    "feature_noise": 0.0,
    "model_size": 10,
    "symbolic_model": "not implemented",
    "mse_train": 3.3378800146509035e-15,
    "mae_train": 4.686521413050741e-08,
    "r2_train": 0.9999999999999998,
    "mse_test": 4.52114622191948,
    "mae_test": 1.6198887570470815,
    "r2_test": 0.836553706338269
}