{
    "dataset": "229_pwLinear",
    "algorithm": "KTBoost",
    "params": {
        "alpha": 0.9,
        "alphaReg": 0.00010688245880343755,
        "base_learner": "combined",
        "criterion": "mse",
        "gamma": 1,
        "init": null,
        "kernel": "rbf",
        "learning_rate": 0.031776723269107715,
        "loss": "ls",
        "max_depth": 5,
        "max_features": 0.9979668068642629,
        "max_leaf_nodes": null,
        "min_impurity_decrease": 0.0,
        "min_samples_leaf": 1,
        "min_samples_split": 2,
        "min_weight_fraction_leaf": 0.0,
        "min_weight_leaf": 1.0,
        "n_components": 15,
        "n_estimators": 936,
        "n_iter_no_change": null,
        "n_neighbors": null,
        "nystroem": true,
        "prctg_neighbors": null,
        "random_state": 29802,
        "range_adjust": 1.0,
        "scaleX": false,
        "sigma": 1.0,
        "sparse": false,
        "subsample": 0.8211747480551985,
        "theta": 2.0353700671809865,
        "tol": 0.0001,
        "tweedie_variance_power": 1.5,
        "update_step": "hybrid",
        "validation_fraction": 0.1,
        "verbose": 0,
        "warm_start": false,
        "yl": 0.0,
        "yu": 1.0
    },
    "random_state": 29802,
    "process_time": 1141.9176892300002,
    "time_time": 1142.9384865760803,
    "target_noise": 0.0,
    "feature_noise": 0.0,
    "model_size": 10,
    "symbolic_model": "not implemented",
    "mse_train": 6.191980762333301e-07,
    "mae_train": 0.0005787958375102978,
    "r2_train": 0.9999999691030851,
    "mse_test": 3.132516269689577,
    "mae_test": 1.3067521037139982,
    "r2_test": 0.8390705312380135
}