{
    "dataset": "229_pwLinear",
    "algorithm": "KTBoost",
    "params": {
        "alpha": 0.9,
        "alphaReg": 0.0032360130320189303,
        "base_learner": "combined",
        "criterion": "mse",
        "gamma": 1,
        "init": null,
        "kernel": "rbf",
        "learning_rate": 0.004882796529558681,
        "loss": "ls",
        "max_depth": 4,
        "max_features": 0.7007094939286351,
        "max_leaf_nodes": null,
        "min_impurity_decrease": 0.0,
        "min_samples_leaf": 1,
        "min_samples_split": 2,
        "min_weight_fraction_leaf": 0.0,
        "min_weight_leaf": 1.0,
        "n_components": 13,
        "n_estimators": 957,
        "n_iter_no_change": null,
        "n_neighbors": null,
        "nystroem": true,
        "prctg_neighbors": null,
        "random_state": 11284,
        "range_adjust": 1.0,
        "scaleX": false,
        "sigma": 1.0,
        "sparse": false,
        "subsample": 0.6247584090027858,
        "theta": 0.2719837439650076,
        "tol": 0.0001,
        "tweedie_variance_power": 1.5,
        "update_step": "hybrid",
        "validation_fraction": 0.1,
        "verbose": 0,
        "warm_start": false,
        "yl": 0.0,
        "yu": 1.0
    },
    "random_state": 11284,
    "process_time": 1126.0592453900001,
    "time_time": 1127.197642326355,
    "target_noise": 0.0,
    "feature_noise": 0.0,
    "model_size": 10,
    "symbolic_model": "not implemented",
    "mse_train": 0.4485518959830991,
    "mae_train": 0.534713540641133,
    "r2_train": 0.9782079377838788,
    "mse_test": 3.08645105934952,
    "mae_test": 1.297950135903417,
    "r2_test": 0.8229829371772679
}