{
    "dataset": "229_pwLinear",
    "algorithm": "KTBoost",
    "params": {
        "alpha": 0.9,
        "alphaReg": 13.864031973025673,
        "base_learner": "combined",
        "criterion": "mse",
        "gamma": 1,
        "init": null,
        "kernel": "rbf",
        "learning_rate": 0.004005666094924581,
        "loss": "ls",
        "max_depth": 3,
        "max_features": 0.9804297844752259,
        "max_leaf_nodes": null,
        "min_impurity_decrease": 0.0,
        "min_samples_leaf": 1,
        "min_samples_split": 2,
        "min_weight_fraction_leaf": 0.0,
        "min_weight_leaf": 1.0,
        "n_components": 88,
        "n_estimators": 680,
        "n_iter_no_change": null,
        "n_neighbors": null,
        "nystroem": true,
        "prctg_neighbors": null,
        "random_state": 21575,
        "range_adjust": 1.0,
        "scaleX": false,
        "sigma": 1.0,
        "sparse": false,
        "subsample": 0.9073934642003316,
        "theta": 5.508913234763628,
        "tol": 0.0001,
        "tweedie_variance_power": 1.5,
        "update_step": "hybrid",
        "validation_fraction": 0.1,
        "verbose": 0,
        "warm_start": false,
        "yl": 0.0,
        "yu": 1.0
    },
    "random_state": 21575,
    "process_time": 1018.70127803,
    "time_time": 1019.7786149978638,
    "target_noise": 0.0,
    "feature_noise": 0.0,
    "model_size": 10,
    "symbolic_model": "not implemented",
    "mse_train": 1.5595421443803499,
    "mae_train": 0.968099554142221,
    "r2_train": 0.9151144529858348,
    "mse_test": 3.852212196897191,
    "mae_test": 1.4945410900695029,
    "r2_test": 0.8432128316638982
}