{
    "dataset": "229_pwLinear",
    "algorithm": "KTBoost",
    "params": {
        "alpha": 0.9,
        "alphaReg": 0.00016553861129791055,
        "base_learner": "combined",
        "criterion": "mse",
        "gamma": 1,
        "init": null,
        "kernel": "rbf",
        "learning_rate": 0.00650937943271712,
        "loss": "ls",
        "max_depth": 2,
        "max_features": 0.8013755983866292,
        "max_leaf_nodes": null,
        "min_impurity_decrease": 0.0,
        "min_samples_leaf": 1,
        "min_samples_split": 2,
        "min_weight_fraction_leaf": 0.0,
        "min_weight_leaf": 1.0,
        "n_components": 12,
        "n_estimators": 868,
        "n_iter_no_change": null,
        "n_neighbors": null,
        "nystroem": true,
        "prctg_neighbors": null,
        "random_state": 6265,
        "range_adjust": 1.0,
        "scaleX": false,
        "sigma": 1.0,
        "sparse": false,
        "subsample": 0.9014077747983271,
        "theta": 3.4825667245853476,
        "tol": 0.0001,
        "tweedie_variance_power": 1.5,
        "update_step": "hybrid",
        "validation_fraction": 0.1,
        "verbose": 0,
        "warm_start": false,
        "yl": 0.0,
        "yu": 1.0
    },
    "random_state": 6265,
    "process_time": 1048.0519798999999,
    "time_time": 1049.2093029022217,
    "target_noise": 0.0,
    "feature_noise": 0.0,
    "model_size": 10,
    "symbolic_model": "not implemented",
    "mse_train": 1.9814132953045676,
    "mae_train": 1.0889247243966693,
    "r2_train": 0.8994484466196471,
    "mse_test": 2.5569435252774895,
    "mae_test": 1.2780091884757345,
    "r2_test": 0.8754109994657062
}