{
    "dataset": "1028_SWD",
    "algorithm": "KTBoost",
    "params": {
        "alpha": 0.9,
        "alphaReg": 3.4957382566387455e-06,
        "base_learner": "combined",
        "criterion": "mse",
        "gamma": 1,
        "init": null,
        "kernel": "rbf",
        "learning_rate": 0.022838244207597485,
        "loss": "ls",
        "max_depth": 1,
        "max_features": 0.5053755029646991,
        "max_leaf_nodes": null,
        "min_impurity_decrease": 0.0,
        "min_samples_leaf": 1,
        "min_samples_split": 2,
        "min_weight_fraction_leaf": 0.0,
        "min_weight_leaf": 1.0,
        "n_components": 4,
        "n_estimators": 316,
        "n_iter_no_change": null,
        "n_neighbors": null,
        "nystroem": true,
        "prctg_neighbors": null,
        "random_state": 21575,
        "range_adjust": 1.0,
        "scaleX": false,
        "sigma": 1.0,
        "sparse": false,
        "subsample": 0.7179921491683138,
        "theta": 8.358776991320342,
        "tol": 0.0001,
        "tweedie_variance_power": 1.5,
        "update_step": "hybrid",
        "validation_fraction": 0.1,
        "verbose": 0,
        "warm_start": false,
        "yl": 0.0,
        "yu": 1.0
    },
    "random_state": 21575,
    "process_time": 1162.0449664599998,
    "time_time": 1162.8283197879791,
    "target_noise": 0.0,
    "feature_noise": 0.0,
    "model_size": 10,
    "symbolic_model": "not implemented",
    "mse_train": 0.38098985376179173,
    "mae_train": 0.4998030109801492,
    "r2_train": 0.430949239145076,
    "mse_test": 0.38590487225811276,
    "mae_test": 0.5015497359464647,
    "r2_test": 0.3739375855643854
}