{
    "dataset": "1028_SWD",
    "algorithm": "KTBoost",
    "params": {
        "alpha": 0.9,
        "alphaReg": 31.582479293391863,
        "base_learner": "combined",
        "criterion": "mse",
        "gamma": 1,
        "init": null,
        "kernel": "rbf",
        "learning_rate": 0.003317128421522637,
        "loss": "ls",
        "max_depth": 2,
        "max_features": 0.8356628048697369,
        "max_leaf_nodes": null,
        "min_impurity_decrease": 0.0,
        "min_samples_leaf": 1,
        "min_samples_split": 2,
        "min_weight_fraction_leaf": 0.0,
        "min_weight_leaf": 1.0,
        "n_components": 25,
        "n_estimators": 864,
        "n_iter_no_change": null,
        "n_neighbors": null,
        "nystroem": true,
        "prctg_neighbors": null,
        "random_state": 11964,
        "range_adjust": 1.0,
        "scaleX": false,
        "sigma": 1.0,
        "sparse": false,
        "subsample": 0.5192294820108853,
        "theta": 0.26400248779871016,
        "tol": 0.0001,
        "tweedie_variance_power": 1.5,
        "update_step": "hybrid",
        "validation_fraction": 0.1,
        "verbose": 0,
        "warm_start": false,
        "yl": 0.0,
        "yu": 1.0
    },
    "random_state": 11964,
    "process_time": 1097.96791047,
    "time_time": 1099.1108193397522,
    "target_noise": 0.0,
    "feature_noise": 0.0,
    "model_size": 10,
    "symbolic_model": "not implemented",
    "mse_train": 0.3757214844960763,
    "mae_train": 0.5006907307450769,
    "r2_train": 0.45341863988102604,
    "mse_test": 0.3540881837639301,
    "mae_test": 0.47514164429853645,
    "r2_test": 0.37486196759284673
}