{
    "dataset": "1028_SWD",
    "algorithm": "KTBoost",
    "params": {
        "alpha": 0.9,
        "alphaReg": 952.3576539607651,
        "base_learner": "combined",
        "criterion": "mse",
        "gamma": 1,
        "init": null,
        "kernel": "rbf",
        "learning_rate": 0.003320529277810224,
        "loss": "ls",
        "max_depth": 2,
        "max_features": 0.7553849656750233,
        "max_leaf_nodes": null,
        "min_impurity_decrease": 0.0,
        "min_samples_leaf": 1,
        "min_samples_split": 2,
        "min_weight_fraction_leaf": 0.0,
        "min_weight_leaf": 1.0,
        "n_components": 99,
        "n_estimators": 838,
        "n_iter_no_change": null,
        "n_neighbors": null,
        "nystroem": true,
        "prctg_neighbors": null,
        "random_state": 5390,
        "range_adjust": 1.0,
        "scaleX": false,
        "sigma": 1.0,
        "sparse": false,
        "subsample": 0.6655383187684629,
        "theta": 0.1961954273743179,
        "tol": 0.0001,
        "tweedie_variance_power": 1.5,
        "update_step": "hybrid",
        "validation_fraction": 0.1,
        "verbose": 0,
        "warm_start": false,
        "yl": 0.0,
        "yu": 1.0
    },
    "random_state": 5390,
    "process_time": 1141.46535191,
    "time_time": 1142.2106838226318,
    "target_noise": 0.0,
    "feature_noise": 0.0,
    "model_size": 10,
    "symbolic_model": "not implemented",
    "mse_train": 0.37858005470767,
    "mae_train": 0.49967511766694545,
    "r2_train": 0.43552579475723563,
    "mse_test": 0.3845956498094963,
    "mae_test": 0.48965467853048716,
    "r2_test": 0.3737206400798958
}