{
    "dataset": "1028_SWD",
    "algorithm": "KTBoost",
    "params": {
        "alpha": 0.9,
        "alphaReg": 17.55377195630049,
        "base_learner": "combined",
        "criterion": "mse",
        "gamma": 1,
        "init": null,
        "kernel": "rbf",
        "learning_rate": 0.0072689239558542335,
        "loss": "ls",
        "max_depth": 2,
        "max_features": 0.93835145586302,
        "max_leaf_nodes": null,
        "min_impurity_decrease": 0.0,
        "min_samples_leaf": 1,
        "min_samples_split": 2,
        "min_weight_fraction_leaf": 0.0,
        "min_weight_leaf": 1.0,
        "n_components": 1,
        "n_estimators": 460,
        "n_iter_no_change": null,
        "n_neighbors": null,
        "nystroem": true,
        "prctg_neighbors": null,
        "random_state": 23654,
        "range_adjust": 1.0,
        "scaleX": false,
        "sigma": 1.0,
        "sparse": false,
        "subsample": 0.8789267811689747,
        "theta": 8.142369503818887,
        "tol": 0.0001,
        "tweedie_variance_power": 1.5,
        "update_step": "hybrid",
        "validation_fraction": 0.1,
        "verbose": 0,
        "warm_start": false,
        "yl": 0.0,
        "yu": 1.0
    },
    "random_state": 23654,
    "process_time": 1187.76075704,
    "time_time": 1188.1701815128326,
    "target_noise": 0.0,
    "feature_noise": 0.0,
    "model_size": 10,
    "symbolic_model": "not implemented",
    "mse_train": 0.3754799108829428,
    "mae_train": 0.49785877192627837,
    "r2_train": 0.4367801336755859,
    "mse_test": 0.3620294676734152,
    "mae_test": 0.48160124932587145,
    "r2_test": 0.4249703491934116
}