{
    "dataset": "215_2dplanes",
    "algorithm": "KTBoost",
    "params": {
        "alpha": 0.9,
        "alphaReg": 8.987005936750046,
        "base_learner": "combined",
        "criterion": "mse",
        "gamma": 1,
        "init": null,
        "kernel": "rbf",
        "learning_rate": 0.021335394874838702,
        "loss": "ls",
        "max_depth": 3,
        "max_features": 0.9673836154477652,
        "max_leaf_nodes": null,
        "min_impurity_decrease": 0.0,
        "min_samples_leaf": 1,
        "min_samples_split": 2,
        "min_weight_fraction_leaf": 0.0,
        "min_weight_leaf": 1.0,
        "n_components": 100,
        "n_estimators": 361,
        "n_iter_no_change": null,
        "n_neighbors": null,
        "nystroem": true,
        "prctg_neighbors": null,
        "random_state": 29802,
        "range_adjust": 1.0,
        "scaleX": false,
        "sigma": 1.0,
        "sparse": false,
        "subsample": 0.6418299087868184,
        "theta": 0.34702726620130464,
        "tol": 0.0001,
        "tweedie_variance_power": 1.5,
        "update_step": "hybrid",
        "validation_fraction": 0.1,
        "verbose": 0,
        "warm_start": false,
        "yl": 0.0,
        "yu": 1.0
    },
    "random_state": 29802,
    "process_time": 1500.44363741,
    "time_time": 1502.5858998298645,
    "target_noise": 0.0,
    "feature_noise": 0.0,
    "model_size": 10,
    "symbolic_model": "not implemented",
    "mse_train": 0.9833741442034457,
    "mae_train": 0.789015363287661,
    "r2_train": 0.9490891290477285,
    "mse_test": 1.0128211318444935,
    "mae_test": 0.8021991323336026,
    "r2_test": 0.9476645570334641
}