{
    "dataset": "215_2dplanes",
    "algorithm": "KTBoost",
    "params": {
        "alpha": 0.9,
        "alphaReg": 49.083183931351755,
        "base_learner": "combined",
        "criterion": "mse",
        "gamma": 1,
        "init": null,
        "kernel": "rbf",
        "learning_rate": 0.008234297346070677,
        "loss": "ls",
        "max_depth": 4,
        "max_features": 0.9384293032667586,
        "max_leaf_nodes": null,
        "min_impurity_decrease": 0.0,
        "min_samples_leaf": 1,
        "min_samples_split": 2,
        "min_weight_fraction_leaf": 0.0,
        "min_weight_leaf": 1.0,
        "n_components": 79,
        "n_estimators": 598,
        "n_iter_no_change": null,
        "n_neighbors": null,
        "nystroem": true,
        "prctg_neighbors": null,
        "random_state": 22118,
        "range_adjust": 1.0,
        "scaleX": false,
        "sigma": 1.0,
        "sparse": false,
        "subsample": 0.5875818768281169,
        "theta": 27.960661004585,
        "tol": 0.0001,
        "tweedie_variance_power": 1.5,
        "update_step": "hybrid",
        "validation_fraction": 0.1,
        "verbose": 0,
        "warm_start": false,
        "yl": 0.0,
        "yu": 1.0
    },
    "random_state": 22118,
    "process_time": 1509.0237282399999,
    "time_time": 1510.9183611869812,
    "target_noise": 0.0,
    "feature_noise": 0.0,
    "model_size": 10,
    "symbolic_model": "not implemented",
    "mse_train": 0.9803812807135118,
    "mae_train": 0.7908974704529892,
    "r2_train": 0.9488638529406687,
    "mse_test": 1.0141771868611735,
    "mae_test": 0.8046760484089099,
    "r2_test": 0.9478637905508803
}