{
    "dataset": "215_2dplanes",
    "algorithm": "KTBoost",
    "params": {
        "alpha": 0.9,
        "alphaReg": 0.36339794134570064,
        "base_learner": "combined",
        "criterion": "mse",
        "gamma": 1,
        "init": null,
        "kernel": "rbf",
        "learning_rate": 0.009187090097595026,
        "loss": "ls",
        "max_depth": 5,
        "max_features": 0.7298292638447108,
        "max_leaf_nodes": null,
        "min_impurity_decrease": 0.0,
        "min_samples_leaf": 1,
        "min_samples_split": 2,
        "min_weight_fraction_leaf": 0.0,
        "min_weight_leaf": 1.0,
        "n_components": 19,
        "n_estimators": 568,
        "n_iter_no_change": null,
        "n_neighbors": null,
        "nystroem": true,
        "prctg_neighbors": null,
        "random_state": 11284,
        "range_adjust": 1.0,
        "scaleX": false,
        "sigma": 1.0,
        "sparse": false,
        "subsample": 0.607127223031407,
        "theta": 4.9272851636259976,
        "tol": 0.0001,
        "tweedie_variance_power": 1.5,
        "update_step": "hybrid",
        "validation_fraction": 0.1,
        "verbose": 0,
        "warm_start": false,
        "yl": 0.0,
        "yu": 1.0
    },
    "random_state": 11284,
    "process_time": 1548.86726559,
    "time_time": 1549.8434128761292,
    "target_noise": 0.0,
    "feature_noise": 0.0,
    "model_size": 10,
    "symbolic_model": "not implemented",
    "mse_train": 0.9673671579699993,
    "mae_train": 0.787288297827329,
    "r2_train": 0.9492323947840366,
    "mse_test": 1.0048822721214978,
    "mae_test": 0.801113208038628,
    "r2_test": 0.9480526245586215
}