{
    "dataset": "225_puma8NH",
    "algorithm": "KTBoost",
    "params": {
        "alpha": 0.9,
        "alphaReg": 73.8817352235087,
        "base_learner": "combined",
        "criterion": "mse",
        "gamma": 1,
        "init": null,
        "kernel": "rbf",
        "learning_rate": 0.005160655578374929,
        "loss": "ls",
        "max_depth": 6,
        "max_features": 0.9276755356512696,
        "max_leaf_nodes": null,
        "min_impurity_decrease": 0.0,
        "min_samples_leaf": 1,
        "min_samples_split": 2,
        "min_weight_fraction_leaf": 0.0,
        "min_weight_leaf": 1.0,
        "n_components": 63,
        "n_estimators": 612,
        "n_iter_no_change": null,
        "n_neighbors": null,
        "nystroem": true,
        "prctg_neighbors": null,
        "random_state": 22118,
        "range_adjust": 1.0,
        "scaleX": false,
        "sigma": 1.0,
        "sparse": false,
        "subsample": 0.7220979337379774,
        "theta": 0.050516786358223105,
        "tol": 0.0001,
        "tweedie_variance_power": 1.5,
        "update_step": "hybrid",
        "validation_fraction": 0.1,
        "verbose": 0,
        "warm_start": false,
        "yl": 0.0,
        "yu": 1.0
    },
    "random_state": 22118,
    "process_time": 1455.6128185999999,
    "time_time": 1456.750360250473,
    "target_noise": 0.0,
    "feature_noise": 0.0,
    "model_size": 8,
    "symbolic_model": "not implemented",
    "mse_train": 7.328717454816668,
    "mae_train": 2.149662279970809,
    "r2_train": 0.7656724616540846,
    "mse_test": 9.968754863418663,
    "mae_test": 2.4766535413004496,
    "r2_test": 0.6942132273800773
}