{
    "dataset": "225_puma8NH",
    "algorithm": "KTBoost",
    "params": {
        "alpha": 0.9,
        "alphaReg": 0.988139800139934,
        "base_learner": "combined",
        "criterion": "mse",
        "gamma": 1,
        "init": null,
        "kernel": "rbf",
        "learning_rate": 0.012632912700085718,
        "loss": "ls",
        "max_depth": 5,
        "max_features": 0.7240909931189332,
        "max_leaf_nodes": null,
        "min_impurity_decrease": 0.0,
        "min_samples_leaf": 1,
        "min_samples_split": 2,
        "min_weight_fraction_leaf": 0.0,
        "min_weight_leaf": 1.0,
        "n_components": 78,
        "n_estimators": 214,
        "n_iter_no_change": null,
        "n_neighbors": null,
        "nystroem": true,
        "prctg_neighbors": null,
        "random_state": 15795,
        "range_adjust": 1.0,
        "scaleX": false,
        "sigma": 1.0,
        "sparse": false,
        "subsample": 0.6541266613868737,
        "theta": 0.5975811238519126,
        "tol": 0.0001,
        "tweedie_variance_power": 1.5,
        "update_step": "hybrid",
        "validation_fraction": 0.1,
        "verbose": 0,
        "warm_start": false,
        "yl": 0.0,
        "yu": 1.0
    },
    "random_state": 15795,
    "process_time": 1430.21077687,
    "time_time": 1431.2794318199158,
    "target_noise": 0.0,
    "feature_noise": 0.0,
    "model_size": 8,
    "symbolic_model": "not implemented",
    "mse_train": 8.803756099949677,
    "mae_train": 2.3822934645245546,
    "r2_train": 0.7198091115504638,
    "mse_test": 10.92158745145738,
    "mae_test": 2.5976908315972267,
    "r2_test": 0.6603090308257271
}