{
    "dataset": "225_puma8NH",
    "algorithm": "KTBoost",
    "params": {
        "alpha": 0.9,
        "alphaReg": 45.201862587312796,
        "base_learner": "combined",
        "criterion": "mse",
        "gamma": 1,
        "init": null,
        "kernel": "rbf",
        "learning_rate": 0.005648669846289809,
        "loss": "ls",
        "max_depth": 6,
        "max_features": 0.7405668779520691,
        "max_leaf_nodes": null,
        "min_impurity_decrease": 0.0,
        "min_samples_leaf": 1,
        "min_samples_split": 2,
        "min_weight_fraction_leaf": 0.0,
        "min_weight_leaf": 1.0,
        "n_components": 70,
        "n_estimators": 712,
        "n_iter_no_change": null,
        "n_neighbors": null,
        "nystroem": true,
        "prctg_neighbors": null,
        "random_state": 6265,
        "range_adjust": 1.0,
        "scaleX": false,
        "sigma": 1.0,
        "sparse": false,
        "subsample": 0.5903964792253396,
        "theta": 0.46585866219884264,
        "tol": 0.0001,
        "tweedie_variance_power": 1.5,
        "update_step": "hybrid",
        "validation_fraction": 0.1,
        "verbose": 0,
        "warm_start": false,
        "yl": 0.0,
        "yu": 1.0
    },
    "random_state": 6265,
    "process_time": 1662.41441151,
    "time_time": 1663.605340719223,
    "target_noise": 0.0,
    "feature_noise": 0.0,
    "model_size": 8,
    "symbolic_model": "not implemented",
    "mse_train": 6.998236615017102,
    "mae_train": 2.0958467186687773,
    "r2_train": 0.7784136011171792,
    "mse_test": 10.271704623845375,
    "mae_test": 2.500903138894718,
    "r2_test": 0.6755296499489313
}