{
    "dataset": "225_puma8NH",
    "algorithm": "KTBoost",
    "params": {
        "alpha": 0.9,
        "alphaReg": 12.709612824495164,
        "base_learner": "combined",
        "criterion": "mse",
        "gamma": 1,
        "init": null,
        "kernel": "rbf",
        "learning_rate": 0.014816619609245534,
        "loss": "ls",
        "max_depth": 4,
        "max_features": 0.9646423055264707,
        "max_leaf_nodes": null,
        "min_impurity_decrease": 0.0,
        "min_samples_leaf": 1,
        "min_samples_split": 2,
        "min_weight_fraction_leaf": 0.0,
        "min_weight_leaf": 1.0,
        "n_components": 37,
        "n_estimators": 360,
        "n_iter_no_change": null,
        "n_neighbors": null,
        "nystroem": true,
        "prctg_neighbors": null,
        "random_state": 5390,
        "range_adjust": 1.0,
        "scaleX": false,
        "sigma": 1.0,
        "sparse": false,
        "subsample": 0.7673769565378779,
        "theta": 1.9456441258758999,
        "tol": 0.0001,
        "tweedie_variance_power": 1.5,
        "update_step": "hybrid",
        "validation_fraction": 0.1,
        "verbose": 0,
        "warm_start": false,
        "yl": 0.0,
        "yu": 1.0
    },
    "random_state": 5390,
    "process_time": 1682.8298932599998,
    "time_time": 1684.055894613266,
    "target_noise": 0.0,
    "feature_noise": 0.0,
    "model_size": 8,
    "symbolic_model": "not implemented",
    "mse_train": 8.811552847421504,
    "mae_train": 2.333646419210491,
    "r2_train": 0.7205585448605045,
    "mse_test": 9.764792312033503,
    "mae_test": 2.4468154886942566,
    "r2_test": 0.6928690430611335
}