{
    "dataset": "1203_BNG_pwLinear",
    "algorithm": "KTBoost",
    "params": {
        "alpha": 0.9,
        "alphaReg": 62.70227273534608,
        "base_learner": "combined",
        "criterion": "mse",
        "gamma": 1,
        "init": null,
        "kernel": "rbf",
        "learning_rate": 0.007677863740316792,
        "loss": "ls",
        "max_depth": 5,
        "max_features": 0.7341068232246886,
        "max_leaf_nodes": null,
        "min_impurity_decrease": 0.0,
        "min_samples_leaf": 1,
        "min_samples_split": 2,
        "min_weight_fraction_leaf": 0.0,
        "min_weight_leaf": 1.0,
        "n_components": 89,
        "n_estimators": 412,
        "n_iter_no_change": null,
        "n_neighbors": null,
        "nystroem": true,
        "prctg_neighbors": null,
        "random_state": 22118,
        "range_adjust": 1.0,
        "scaleX": false,
        "sigma": 1.0,
        "sparse": false,
        "subsample": 0.6176676834364001,
        "theta": 4.543710540531228,
        "tol": 0.0001,
        "tweedie_variance_power": 1.5,
        "update_step": "hybrid",
        "validation_fraction": 0.1,
        "verbose": 0,
        "warm_start": false,
        "yl": 0.0,
        "yu": 1.0
    },
    "random_state": 22118,
    "process_time": 1439.06871605,
    "time_time": 1440.5868508815765,
    "target_noise": 0.0,
    "feature_noise": 0.0,
    "model_size": 10,
    "symbolic_model": "not implemented",
    "mse_train": 7.36767199762588,
    "mae_train": 1.9939432457065025,
    "r2_train": 0.6315104821942917,
    "mse_test": 7.717034765902197,
    "mae_test": 2.0275191918580573,
    "r2_test": 0.6132123822358125
}