{
    "dataset": "1203_BNG_pwLinear",
    "algorithm": "KTBoost",
    "params": {
        "alpha": 0.9,
        "alphaReg": 149.41124929889682,
        "base_learner": "combined",
        "criterion": "mse",
        "gamma": 1,
        "init": null,
        "kernel": "rbf",
        "learning_rate": 0.006266688778383404,
        "loss": "ls",
        "max_depth": 3,
        "max_features": 0.7573081778564961,
        "max_leaf_nodes": null,
        "min_impurity_decrease": 0.0,
        "min_samples_leaf": 1,
        "min_samples_split": 2,
        "min_weight_fraction_leaf": 0.0,
        "min_weight_leaf": 1.0,
        "n_components": 21,
        "n_estimators": 688,
        "n_iter_no_change": null,
        "n_neighbors": null,
        "nystroem": true,
        "prctg_neighbors": null,
        "random_state": 29802,
        "range_adjust": 1.0,
        "scaleX": false,
        "sigma": 1.0,
        "sparse": false,
        "subsample": 0.810856431009658,
        "theta": 21.979813350774858,
        "tol": 0.0001,
        "tweedie_variance_power": 1.5,
        "update_step": "hybrid",
        "validation_fraction": 0.1,
        "verbose": 0,
        "warm_start": false,
        "yl": 0.0,
        "yu": 1.0
    },
    "random_state": 29802,
    "process_time": 1313.4697780499998,
    "time_time": 1315.1677005290985,
    "target_noise": 0.0,
    "feature_noise": 0.0,
    "model_size": 10,
    "symbolic_model": "not implemented",
    "mse_train": 7.812675977669853,
    "mae_train": 2.057254953937765,
    "r2_train": 0.6109588021414993,
    "mse_test": 7.773979481385861,
    "mae_test": 2.053128040548554,
    "r2_test": 0.6077700851229236
}