{
    "dataset": "1096_FacultySalaries",
    "algorithm": "KTBoost",
    "params": {
        "alpha": 0.9,
        "alphaReg": 0.00021298329159541345,
        "base_learner": "combined",
        "criterion": "mse",
        "gamma": 1,
        "init": null,
        "kernel": "rbf",
        "learning_rate": 0.010632187512694494,
        "loss": "ls",
        "max_depth": 1,
        "max_features": 0.9806284684687274,
        "max_leaf_nodes": null,
        "min_impurity_decrease": 0.0,
        "min_samples_leaf": 1,
        "min_samples_split": 2,
        "min_weight_fraction_leaf": 0.0,
        "min_weight_leaf": 1.0,
        "n_components": 66,
        "n_estimators": 961,
        "n_iter_no_change": null,
        "n_neighbors": null,
        "nystroem": true,
        "prctg_neighbors": null,
        "random_state": 23654,
        "range_adjust": 1.0,
        "scaleX": false,
        "sigma": 1.0,
        "sparse": false,
        "subsample": 0.5635110550961984,
        "theta": 19.916798029723225,
        "tol": 0.0001,
        "tweedie_variance_power": 1.5,
        "update_step": "hybrid",
        "validation_fraction": 0.1,
        "verbose": 0,
        "warm_start": false,
        "yl": 0.0,
        "yu": 1.0
    },
    "random_state": 23654,
    "process_time": 990.42519098,
    "time_time": 990.5347964763641,
    "target_noise": 0.0,
    "feature_noise": 0.0,
    "model_size": 4,
    "symbolic_model": "not implemented",
    "mse_train": 1.1015301973363507,
    "mae_train": 0.8622749063850847,
    "r2_train": 0.9539275185021151,
    "mse_test": 1.1293603658292446,
    "mae_test": 0.9491164180166185,
    "r2_test": 0.9040856462032943
}