{
    "dataset": "1096_FacultySalaries",
    "algorithm": "KTBoost",
    "params": {
        "alpha": 0.9,
        "alphaReg": 0.0002750151619175537,
        "base_learner": "combined",
        "criterion": "mse",
        "gamma": 1,
        "init": null,
        "kernel": "rbf",
        "learning_rate": 0.01764263343859595,
        "loss": "ls",
        "max_depth": 1,
        "max_features": 0.7453165968247654,
        "max_leaf_nodes": null,
        "min_impurity_decrease": 0.0,
        "min_samples_leaf": 1,
        "min_samples_split": 2,
        "min_weight_fraction_leaf": 0.0,
        "min_weight_leaf": 1.0,
        "n_components": 55,
        "n_estimators": 116,
        "n_iter_no_change": null,
        "n_neighbors": null,
        "nystroem": true,
        "prctg_neighbors": null,
        "random_state": 11284,
        "range_adjust": 1.0,
        "scaleX": false,
        "sigma": 1.0,
        "sparse": false,
        "subsample": 0.5399390427142844,
        "theta": 18.68908934113525,
        "tol": 0.0001,
        "tweedie_variance_power": 1.5,
        "update_step": "hybrid",
        "validation_fraction": 0.1,
        "verbose": 0,
        "warm_start": false,
        "yl": 0.0,
        "yu": 1.0
    },
    "random_state": 11284,
    "process_time": 1032.1586973699998,
    "time_time": 1033.3351881504059,
    "target_noise": 0.0,
    "feature_noise": 0.0,
    "model_size": 4,
    "symbolic_model": "not implemented",
    "mse_train": 2.4993496480105493,
    "mae_train": 1.243490677587907,
    "r2_train": 0.8960280583877067,
    "mse_test": 1.4755971526945149,
    "mae_test": 0.9966095841031491,
    "r2_test": 0.8002435359599176
}