{
    "dataset": "1096_FacultySalaries",
    "algorithm": "KTBoost",
    "params": {
        "alpha": 0.9,
        "alphaReg": 6.214498945954617e-06,
        "base_learner": "combined",
        "criterion": "mse",
        "gamma": 1,
        "init": null,
        "kernel": "rbf",
        "learning_rate": 0.004719957029208358,
        "loss": "ls",
        "max_depth": 4,
        "max_features": 0.9523996034434697,
        "max_leaf_nodes": null,
        "min_impurity_decrease": 0.0,
        "min_samples_leaf": 1,
        "min_samples_split": 2,
        "min_weight_fraction_leaf": 0.0,
        "min_weight_leaf": 1.0,
        "n_components": 34,
        "n_estimators": 966,
        "n_iter_no_change": null,
        "n_neighbors": null,
        "nystroem": true,
        "prctg_neighbors": null,
        "random_state": 5390,
        "range_adjust": 1.0,
        "scaleX": false,
        "sigma": 1.0,
        "sparse": false,
        "subsample": 0.7950748597710773,
        "theta": 24.788512214919592,
        "tol": 0.0001,
        "tweedie_variance_power": 1.5,
        "update_step": "hybrid",
        "validation_fraction": 0.1,
        "verbose": 0,
        "warm_start": false,
        "yl": 0.0,
        "yu": 1.0
    },
    "random_state": 5390,
    "process_time": 1017.8389002299999,
    "time_time": 1019.693119764328,
    "target_noise": 0.0,
    "feature_noise": 0.0,
    "model_size": 4,
    "symbolic_model": "not implemented",
    "mse_train": 0.004773810887586313,
    "mae_train": 0.053716906877606274,
    "r2_train": 0.9997865247946438,
    "mse_test": 27.453920537269376,
    "mae_test": 1.9166801070505857,
    "r2_test": -0.7627153449798849
}