{
    "dataset": "1096_FacultySalaries",
    "algorithm": "KTBoost",
    "params": {
        "alpha": 0.9,
        "alphaReg": 0.04791267802257416,
        "base_learner": "combined",
        "criterion": "mse",
        "gamma": 1,
        "init": null,
        "kernel": "rbf",
        "learning_rate": 0.036902691739128836,
        "loss": "ls",
        "max_depth": 10,
        "max_features": 0.6841716936049085,
        "max_leaf_nodes": null,
        "min_impurity_decrease": 0.0,
        "min_samples_leaf": 1,
        "min_samples_split": 2,
        "min_weight_fraction_leaf": 0.0,
        "min_weight_leaf": 1.0,
        "n_components": 65,
        "n_estimators": 21,
        "n_iter_no_change": null,
        "n_neighbors": null,
        "nystroem": true,
        "prctg_neighbors": null,
        "random_state": 860,
        "range_adjust": 1.0,
        "scaleX": false,
        "sigma": 1.0,
        "sparse": false,
        "subsample": 0.5076704626393734,
        "theta": 9.189568909224931,
        "tol": 0.0001,
        "tweedie_variance_power": 1.5,
        "update_step": "hybrid",
        "validation_fraction": 0.1,
        "verbose": 0,
        "warm_start": false,
        "yl": 0.0,
        "yu": 1.0
    },
    "random_state": 860,
    "process_time": 1045.34762154,
    "time_time": 1046.6829054355621,
    "target_noise": 0.0,
    "feature_noise": 0.0,
    "model_size": 4,
    "symbolic_model": "not implemented",
    "mse_train": 5.760467989898155,
    "mae_train": 1.8434623203817613,
    "r2_train": 0.7493813962801061,
    "mse_test": 5.8318455028826115,
    "mae_test": 1.7479268326455561,
    "r2_test": 0.608513993267663
}