{
    "dataset": "1096_FacultySalaries",
    "algorithm": "KTBoost",
    "params": {
        "alpha": 0.9,
        "alphaReg": 0.012855264889809957,
        "base_learner": "combined",
        "criterion": "mse",
        "gamma": 1,
        "init": null,
        "kernel": "rbf",
        "learning_rate": 0.015557271587388823,
        "loss": "ls",
        "max_depth": 19,
        "max_features": 0.9830228650888628,
        "max_leaf_nodes": null,
        "min_impurity_decrease": 0.0,
        "min_samples_leaf": 1,
        "min_samples_split": 2,
        "min_weight_fraction_leaf": 0.0,
        "min_weight_leaf": 1.0,
        "n_components": 99,
        "n_estimators": 105,
        "n_iter_no_change": null,
        "n_neighbors": null,
        "nystroem": true,
        "prctg_neighbors": null,
        "random_state": 6265,
        "range_adjust": 1.0,
        "scaleX": false,
        "sigma": 1.0,
        "sparse": false,
        "subsample": 0.5022933719546172,
        "theta": 21.794387403657453,
        "tol": 0.0001,
        "tweedie_variance_power": 1.5,
        "update_step": "hybrid",
        "validation_fraction": 0.1,
        "verbose": 0,
        "warm_start": false,
        "yl": 0.0,
        "yu": 1.0
    },
    "random_state": 6265,
    "process_time": 986.73623245,
    "time_time": 987.6934270858765,
    "target_noise": 0.0,
    "feature_noise": 0.0,
    "model_size": 4,
    "symbolic_model": "not implemented",
    "mse_train": 1.7573592627455341,
    "mae_train": 0.9756864085715445,
    "r2_train": 0.9170112733310157,
    "mse_test": 5.457533046771113,
    "mae_test": 1.7923987275649345,
    "r2_test": 0.7238983625633802
}