{
    "dataset": "228_elusage",
    "algorithm": "KTBoost",
    "params": {
        "alpha": 0.9,
        "alphaReg": 1.8257507009901835e-06,
        "base_learner": "combined",
        "criterion": "mse",
        "gamma": 1,
        "init": null,
        "kernel": "rbf",
        "learning_rate": 0.009880194340764828,
        "loss": "ls",
        "max_depth": 2,
        "max_features": 0.6099670791647701,
        "max_leaf_nodes": null,
        "min_impurity_decrease": 0.0,
        "min_samples_leaf": 1,
        "min_samples_split": 2,
        "min_weight_fraction_leaf": 0.0,
        "min_weight_leaf": 1.0,
        "n_components": 64,
        "n_estimators": 224,
        "n_iter_no_change": null,
        "n_neighbors": null,
        "nystroem": true,
        "prctg_neighbors": null,
        "random_state": 860,
        "range_adjust": 1.0,
        "scaleX": false,
        "sigma": 1.0,
        "sparse": false,
        "subsample": 0.5854456733933058,
        "theta": 19.09040540375123,
        "tol": 0.0001,
        "tweedie_variance_power": 1.5,
        "update_step": "hybrid",
        "validation_fraction": 0.1,
        "verbose": 0,
        "warm_start": false,
        "yl": 0.0,
        "yu": 1.0
    },
    "random_state": 860,
    "process_time": 970.31687674,
    "time_time": 970.6139941215515,
    "target_noise": 0.0,
    "feature_noise": 0.0,
    "model_size": 2,
    "symbolic_model": "not implemented",
    "mse_train": 75.14007545378499,
    "mae_train": 6.959574400174483,
    "r2_train": 0.8826362276406025,
    "mse_test": 79.2217595504258,
    "mae_test": 7.018377541790076,
    "r2_test": 0.7652076539917645
}