{
    "dataset": "228_elusage",
    "algorithm": "KTBoost",
    "params": {
        "alpha": 0.9,
        "alphaReg": 11.033157373876982,
        "base_learner": "combined",
        "criterion": "mse",
        "gamma": 1,
        "init": null,
        "kernel": "rbf",
        "learning_rate": 0.07124660682464633,
        "loss": "ls",
        "max_depth": 13,
        "max_features": 0.8649979786617634,
        "max_leaf_nodes": null,
        "min_impurity_decrease": 0.0,
        "min_samples_leaf": 1,
        "min_samples_split": 2,
        "min_weight_fraction_leaf": 0.0,
        "min_weight_leaf": 1.0,
        "n_components": 17,
        "n_estimators": 443,
        "n_iter_no_change": null,
        "n_neighbors": null,
        "nystroem": true,
        "prctg_neighbors": null,
        "random_state": 21575,
        "range_adjust": 1.0,
        "scaleX": false,
        "sigma": 1.0,
        "sparse": false,
        "subsample": 0.9629577226068916,
        "theta": 0.05399587571352937,
        "tol": 0.0001,
        "tweedie_variance_power": 1.5,
        "update_step": "hybrid",
        "validation_fraction": 0.1,
        "verbose": 0,
        "warm_start": false,
        "yl": 0.0,
        "yu": 1.0
    },
    "random_state": 21575,
    "process_time": 1030.1326543300002,
    "time_time": 1031.2893493175507,
    "target_noise": 0.0,
    "feature_noise": 0.0,
    "model_size": 2,
    "symbolic_model": "not implemented",
    "mse_train": 19.562109889389124,
    "mae_train": 1.853433917859406,
    "r2_train": 0.9648648522326935,
    "mse_test": 194.77184551236766,
    "mae_test": 10.239554125194545,
    "r2_test": 0.6705077964970598
}