{
    "dataset": "1029_LEV",
    "algorithm": "KTBoost",
    "params": {
        "alpha": 0.9,
        "alphaReg": 3.961445500113854,
        "base_learner": "combined",
        "criterion": "mse",
        "gamma": 1,
        "init": null,
        "kernel": "rbf",
        "learning_rate": 0.004839555414634046,
        "loss": "ls",
        "max_depth": 2,
        "max_features": 0.6404101494940923,
        "max_leaf_nodes": null,
        "min_impurity_decrease": 0.0,
        "min_samples_leaf": 1,
        "min_samples_split": 2,
        "min_weight_fraction_leaf": 0.0,
        "min_weight_leaf": 1.0,
        "n_components": 27,
        "n_estimators": 477,
        "n_iter_no_change": null,
        "n_neighbors": null,
        "nystroem": true,
        "prctg_neighbors": null,
        "random_state": 5390,
        "range_adjust": 1.0,
        "scaleX": false,
        "sigma": 1.0,
        "sparse": false,
        "subsample": 0.5361858799390686,
        "theta": 0.11813291009567038,
        "tol": 0.0001,
        "tweedie_variance_power": 1.5,
        "update_step": "hybrid",
        "validation_fraction": 0.1,
        "verbose": 0,
        "warm_start": false,
        "yl": 0.0,
        "yu": 1.0
    },
    "random_state": 5390,
    "process_time": 1167.1242298999998,
    "time_time": 1168.2566888332367,
    "target_noise": 0.0,
    "feature_noise": 0.0,
    "model_size": 4,
    "symbolic_model": "not implemented",
    "mse_train": 0.4647440073723553,
    "mae_train": 0.5361022370232542,
    "r2_train": 0.5087632681899756,
    "mse_test": 0.3979872684415175,
    "mae_test": 0.5147936260758936,
    "r2_test": 0.5051780565041111
}