{
    "dataset": "1029_LEV",
    "algorithm": "KTBoost",
    "params": {
        "alpha": 0.9,
        "alphaReg": 870.1043556487353,
        "base_learner": "combined",
        "criterion": "mse",
        "gamma": 1,
        "init": null,
        "kernel": "rbf",
        "learning_rate": 0.030755692803520154,
        "loss": "ls",
        "max_depth": 1,
        "max_features": 0.729101723799475,
        "max_leaf_nodes": null,
        "min_impurity_decrease": 0.0,
        "min_samples_leaf": 1,
        "min_samples_split": 2,
        "min_weight_fraction_leaf": 0.0,
        "min_weight_leaf": 1.0,
        "n_components": 33,
        "n_estimators": 330,
        "n_iter_no_change": null,
        "n_neighbors": null,
        "nystroem": true,
        "prctg_neighbors": null,
        "random_state": 6265,
        "range_adjust": 1.0,
        "scaleX": false,
        "sigma": 1.0,
        "sparse": false,
        "subsample": 0.6910270806264158,
        "theta": 16.109499975873945,
        "tol": 0.0001,
        "tweedie_variance_power": 1.5,
        "update_step": "hybrid",
        "validation_fraction": 0.1,
        "verbose": 0,
        "warm_start": false,
        "yl": 0.0,
        "yu": 1.0
    },
    "random_state": 6265,
    "process_time": 1069.4402426000001,
    "time_time": 1070.2203452587128,
    "target_noise": 0.0,
    "feature_noise": 0.0,
    "model_size": 4,
    "symbolic_model": "not implemented",
    "mse_train": 0.39080783983509826,
    "mae_train": 0.4896678882771666,
    "r2_train": 0.5715870208872247,
    "mse_test": 0.44411094834661047,
    "mae_test": 0.5204338204167296,
    "r2_test": 0.5078557753251214
}