{
    "dataset": "1029_LEV",
    "algorithm": "KTBoost",
    "params": {
        "alpha": 0.9,
        "alphaReg": 0.02580798531245925,
        "base_learner": "combined",
        "criterion": "mse",
        "gamma": 1,
        "init": null,
        "kernel": "rbf",
        "learning_rate": 0.02449522926448818,
        "loss": "ls",
        "max_depth": 1,
        "max_features": 0.7834779796301032,
        "max_leaf_nodes": null,
        "min_impurity_decrease": 0.0,
        "min_samples_leaf": 1,
        "min_samples_split": 2,
        "min_weight_fraction_leaf": 0.0,
        "min_weight_leaf": 1.0,
        "n_components": 48,
        "n_estimators": 187,
        "n_iter_no_change": null,
        "n_neighbors": null,
        "nystroem": true,
        "prctg_neighbors": null,
        "random_state": 860,
        "range_adjust": 1.0,
        "scaleX": false,
        "sigma": 1.0,
        "sparse": false,
        "subsample": 0.7992765006152234,
        "theta": 8.081804915606595,
        "tol": 0.0001,
        "tweedie_variance_power": 1.5,
        "update_step": "hybrid",
        "validation_fraction": 0.1,
        "verbose": 0,
        "warm_start": false,
        "yl": 0.0,
        "yu": 1.0
    },
    "random_state": 860,
    "process_time": 1201.2226986599999,
    "time_time": 1203.1109099388123,
    "target_noise": 0.0,
    "feature_noise": 0.0,
    "model_size": 4,
    "symbolic_model": "not implemented",
    "mse_train": 0.4011582064873919,
    "mae_train": 0.4796688727484139,
    "r2_train": 0.5413587578269148,
    "mse_test": 0.4316197274788236,
    "mae_test": 0.5179057713521221,
    "r2_test": 0.5753446207410235
}