{
    "dataset": "1193_BNG_lowbwt",
    "algorithm": "KTBoost",
    "params": {
        "alpha": 0.9,
        "alphaReg": 1.949135594382162e-05,
        "base_learner": "combined",
        "criterion": "mse",
        "gamma": 1,
        "init": null,
        "kernel": "rbf",
        "learning_rate": 0.01719060475859468,
        "loss": "ls",
        "max_depth": 5,
        "max_features": 0.7151719219812297,
        "max_leaf_nodes": null,
        "min_impurity_decrease": 0.0,
        "min_samples_leaf": 1,
        "min_samples_split": 2,
        "min_weight_fraction_leaf": 0.0,
        "min_weight_leaf": 1.0,
        "n_components": 14,
        "n_estimators": 248,
        "n_iter_no_change": null,
        "n_neighbors": null,
        "nystroem": true,
        "prctg_neighbors": null,
        "random_state": 15795,
        "range_adjust": 1.0,
        "scaleX": false,
        "sigma": 1.0,
        "sparse": false,
        "subsample": 0.5007925625719833,
        "theta": 0.4762407159780191,
        "tol": 0.0001,
        "tweedie_variance_power": 1.5,
        "update_step": "hybrid",
        "validation_fraction": 0.1,
        "verbose": 0,
        "warm_start": false,
        "yl": 0.0,
        "yu": 1.0
    },
    "random_state": 15795,
    "process_time": 1253.15840711,
    "time_time": 1254.8365349769592,
    "target_noise": 0.0,
    "feature_noise": 0.0,
    "model_size": 9,
    "symbolic_model": "not implemented",
    "mse_train": 178734.25902994577,
    "mae_train": 338.63970529183655,
    "r2_train": 0.6583752852414482,
    "mse_test": 210411.12209645013,
    "mae_test": 365.7373959067077,
    "r2_test": 0.6046235018794532
}