{
    "dataset": "1193_BNG_lowbwt",
    "algorithm": "KTBoost",
    "params": {
        "alpha": 0.9,
        "alphaReg": 0.00039625022781498146,
        "base_learner": "combined",
        "criterion": "mse",
        "gamma": 1,
        "init": null,
        "kernel": "rbf",
        "learning_rate": 0.006347527472647876,
        "loss": "ls",
        "max_depth": 5,
        "max_features": 0.6614733135794324,
        "max_leaf_nodes": null,
        "min_impurity_decrease": 0.0,
        "min_samples_leaf": 1,
        "min_samples_split": 2,
        "min_weight_fraction_leaf": 0.0,
        "min_weight_leaf": 1.0,
        "n_components": 12,
        "n_estimators": 642,
        "n_iter_no_change": null,
        "n_neighbors": null,
        "nystroem": true,
        "prctg_neighbors": null,
        "random_state": 21575,
        "range_adjust": 1.0,
        "scaleX": false,
        "sigma": 1.0,
        "sparse": false,
        "subsample": 0.7580035594364388,
        "theta": 0.2803458459422391,
        "tol": 0.0001,
        "tweedie_variance_power": 1.5,
        "update_step": "hybrid",
        "validation_fraction": 0.1,
        "verbose": 0,
        "warm_start": false,
        "yl": 0.0,
        "yu": 1.0
    },
    "random_state": 21575,
    "process_time": 1388.9842485600002,
    "time_time": 1390.3182151317596,
    "target_noise": 0.0,
    "feature_noise": 0.0,
    "model_size": 9,
    "symbolic_model": "not implemented",
    "mse_train": 181769.55665065075,
    "mae_train": 341.28886451820534,
    "r2_train": 0.6532327769299084,
    "mse_test": 203261.24028827716,
    "mae_test": 358.4505009233485,
    "r2_test": 0.6053850681969009
}