{
    "dataset": "1193_BNG_lowbwt",
    "algorithm": "KTBoost",
    "params": {
        "alpha": 0.9,
        "alphaReg": 5.17401107286344,
        "base_learner": "combined",
        "criterion": "mse",
        "gamma": 1,
        "init": null,
        "kernel": "rbf",
        "learning_rate": 0.006916525783901252,
        "loss": "ls",
        "max_depth": 5,
        "max_features": 0.6447872350138759,
        "max_leaf_nodes": null,
        "min_impurity_decrease": 0.0,
        "min_samples_leaf": 1,
        "min_samples_split": 2,
        "min_weight_fraction_leaf": 0.0,
        "min_weight_leaf": 1.0,
        "n_components": 20,
        "n_estimators": 577,
        "n_iter_no_change": null,
        "n_neighbors": null,
        "nystroem": true,
        "prctg_neighbors": null,
        "random_state": 11284,
        "range_adjust": 1.0,
        "scaleX": false,
        "sigma": 1.0,
        "sparse": false,
        "subsample": 0.5626911935502972,
        "theta": 0.3349936843723717,
        "tol": 0.0001,
        "tweedie_variance_power": 1.5,
        "update_step": "hybrid",
        "validation_fraction": 0.1,
        "verbose": 0,
        "warm_start": false,
        "yl": 0.0,
        "yu": 1.0
    },
    "random_state": 11284,
    "process_time": 1277.6699757400002,
    "time_time": 1278.8222725391388,
    "target_noise": 0.0,
    "feature_noise": 0.0,
    "model_size": 9,
    "symbolic_model": "not implemented",
    "mse_train": 187636.6649469255,
    "mae_train": 343.88703147902066,
    "r2_train": 0.6429600558292231,
    "mse_test": 204400.55509101358,
    "mae_test": 360.75637912458893,
    "r2_test": 0.6164194694230605
}