{
    "dataset": "1193_BNG_lowbwt",
    "algorithm": "KTBoost",
    "params": {
        "alpha": 0.9,
        "alphaReg": 270.51409215852897,
        "base_learner": "combined",
        "criterion": "mse",
        "gamma": 1,
        "init": null,
        "kernel": "rbf",
        "learning_rate": 0.006406360055246811,
        "loss": "ls",
        "max_depth": 4,
        "max_features": 0.5441007072299191,
        "max_leaf_nodes": null,
        "min_impurity_decrease": 0.0,
        "min_samples_leaf": 1,
        "min_samples_split": 2,
        "min_weight_fraction_leaf": 0.0,
        "min_weight_leaf": 1.0,
        "n_components": 96,
        "n_estimators": 770,
        "n_iter_no_change": null,
        "n_neighbors": null,
        "nystroem": true,
        "prctg_neighbors": null,
        "random_state": 860,
        "range_adjust": 1.0,
        "scaleX": false,
        "sigma": 1.0,
        "sparse": false,
        "subsample": 0.589607272590202,
        "theta": 0.14191823425654346,
        "tol": 0.0001,
        "tweedie_variance_power": 1.5,
        "update_step": "hybrid",
        "validation_fraction": 0.1,
        "verbose": 0,
        "warm_start": false,
        "yl": 0.0,
        "yu": 1.0
    },
    "random_state": 860,
    "process_time": 1403.24028237,
    "time_time": 1404.0191578865051,
    "target_noise": 0.0,
    "feature_noise": 0.0,
    "model_size": 9,
    "symbolic_model": "not implemented",
    "mse_train": 196594.6622593647,
    "mae_train": 356.5256349335326,
    "r2_train": 0.6342662275377727,
    "mse_test": 201881.49114823545,
    "mae_test": 359.1848326134833,
    "r2_test": 0.6114031612541
}