{
    "dataset": "1193_BNG_lowbwt",
    "algorithm": "KTBoost",
    "params": {
        "alpha": 0.9,
        "alphaReg": 2.933752775467392,
        "base_learner": "combined",
        "criterion": "mse",
        "gamma": 1,
        "init": null,
        "kernel": "rbf",
        "learning_rate": 0.03214254133011219,
        "loss": "ls",
        "max_depth": 3,
        "max_features": 0.7484567243245535,
        "max_leaf_nodes": null,
        "min_impurity_decrease": 0.0,
        "min_samples_leaf": 1,
        "min_samples_split": 2,
        "min_weight_fraction_leaf": 0.0,
        "min_weight_leaf": 1.0,
        "n_components": 63,
        "n_estimators": 163,
        "n_iter_no_change": null,
        "n_neighbors": null,
        "nystroem": true,
        "prctg_neighbors": null,
        "random_state": 11964,
        "range_adjust": 1.0,
        "scaleX": false,
        "sigma": 1.0,
        "sparse": false,
        "subsample": 0.794260759481394,
        "theta": 1.3811305465697017,
        "tol": 0.0001,
        "tweedie_variance_power": 1.5,
        "update_step": "hybrid",
        "validation_fraction": 0.1,
        "verbose": 0,
        "warm_start": false,
        "yl": 0.0,
        "yu": 1.0
    },
    "random_state": 11964,
    "process_time": 1318.1774119400002,
    "time_time": 1319.0126180648804,
    "target_noise": 0.0,
    "feature_noise": 0.0,
    "model_size": 9,
    "symbolic_model": "not implemented",
    "mse_train": 201163.14865842045,
    "mae_train": 357.6651075061832,
    "r2_train": 0.6168462107752928,
    "mse_test": 205762.03511917646,
    "mae_test": 362.75491530713117,
    "r2_test": 0.6054109148079383
}