{
    "dataset": "227_cpu_small",
    "algorithm": "KTBoost",
    "params": {
        "alpha": 0.9,
        "alphaReg": 79.50854466584266,
        "base_learner": "combined",
        "criterion": "mse",
        "gamma": 1,
        "init": null,
        "kernel": "rbf",
        "learning_rate": 0.03191954447633224,
        "loss": "ls",
        "max_depth": 4,
        "max_features": 0.6190882185916196,
        "max_leaf_nodes": null,
        "min_impurity_decrease": 0.0,
        "min_samples_leaf": 1,
        "min_samples_split": 2,
        "min_weight_fraction_leaf": 0.0,
        "min_weight_leaf": 1.0,
        "n_components": 9,
        "n_estimators": 715,
        "n_iter_no_change": null,
        "n_neighbors": null,
        "nystroem": true,
        "prctg_neighbors": null,
        "random_state": 11284,
        "range_adjust": 1.0,
        "scaleX": false,
        "sigma": 1.0,
        "sparse": false,
        "subsample": 0.7242563845180443,
        "theta": 0.25730168732640846,
        "tol": 0.0001,
        "tweedie_variance_power": 1.5,
        "update_step": "hybrid",
        "validation_fraction": 0.1,
        "verbose": 0,
        "warm_start": false,
        "yl": 0.0,
        "yu": 1.0
    },
    "random_state": 11284,
    "process_time": 1677.84155475,
    "time_time": 1679.569396495819,
    "target_noise": 0.0,
    "feature_noise": 0.0,
    "model_size": 12,
    "symbolic_model": "not implemented",
    "mse_train": 3.6639658643173028,
    "mae_train": 1.4197157088822554,
    "r2_train": 0.98968611605333,
    "mse_test": 6.753691921229229,
    "mae_test": 1.8855168636425437,
    "r2_test": 0.9765281693223589
}