{
    "dataset": "227_cpu_small",
    "algorithm": "KTBoost",
    "params": {
        "alpha": 0.9,
        "alphaReg": 0.4579285158035559,
        "base_learner": "combined",
        "criterion": "mse",
        "gamma": 1,
        "init": null,
        "kernel": "rbf",
        "learning_rate": 0.010434009142318915,
        "loss": "ls",
        "max_depth": 7,
        "max_features": 0.6103423619200561,
        "max_leaf_nodes": null,
        "min_impurity_decrease": 0.0,
        "min_samples_leaf": 1,
        "min_samples_split": 2,
        "min_weight_fraction_leaf": 0.0,
        "min_weight_leaf": 1.0,
        "n_components": 81,
        "n_estimators": 763,
        "n_iter_no_change": null,
        "n_neighbors": null,
        "nystroem": true,
        "prctg_neighbors": null,
        "random_state": 22118,
        "range_adjust": 1.0,
        "scaleX": false,
        "sigma": 1.0,
        "sparse": false,
        "subsample": 0.685378017310073,
        "theta": 3.359408020786855,
        "tol": 0.0001,
        "tweedie_variance_power": 1.5,
        "update_step": "hybrid",
        "validation_fraction": 0.1,
        "verbose": 0,
        "warm_start": false,
        "yl": 0.0,
        "yu": 1.0
    },
    "random_state": 22118,
    "process_time": 1857.99137143,
    "time_time": 1860.477394104004,
    "target_noise": 0.0,
    "feature_noise": 0.0,
    "model_size": 12,
    "symbolic_model": "not implemented",
    "mse_train": 2.529773748270482,
    "mae_train": 1.1952339147597266,
    "r2_train": 0.9926296633070024,
    "mse_test": 7.27850012041276,
    "mae_test": 1.8476303081386047,
    "r2_test": 0.9775750243678154
}