{
    "dataset": "227_cpu_small",
    "algorithm": "KTBoost",
    "params": {
        "alpha": 0.9,
        "alphaReg": 15.55282662256506,
        "base_learner": "combined",
        "criterion": "mse",
        "gamma": 1,
        "init": null,
        "kernel": "rbf",
        "learning_rate": 0.010959520276287138,
        "loss": "ls",
        "max_depth": 6,
        "max_features": 0.5131400916942687,
        "max_leaf_nodes": null,
        "min_impurity_decrease": 0.0,
        "min_samples_leaf": 1,
        "min_samples_split": 2,
        "min_weight_fraction_leaf": 0.0,
        "min_weight_leaf": 1.0,
        "n_components": 14,
        "n_estimators": 749,
        "n_iter_no_change": null,
        "n_neighbors": null,
        "nystroem": true,
        "prctg_neighbors": null,
        "random_state": 15795,
        "range_adjust": 1.0,
        "scaleX": false,
        "sigma": 1.0,
        "sparse": false,
        "subsample": 0.7070086501290551,
        "theta": 2.6493054496197073,
        "tol": 0.0001,
        "tweedie_variance_power": 1.5,
        "update_step": "hybrid",
        "validation_fraction": 0.1,
        "verbose": 0,
        "warm_start": false,
        "yl": 0.0,
        "yu": 1.0
    },
    "random_state": 15795,
    "process_time": 1710.4867245599999,
    "time_time": 1712.34961271286,
    "target_noise": 0.0,
    "feature_noise": 0.0,
    "model_size": 12,
    "symbolic_model": "not implemented",
    "mse_train": 3.4764893265491517,
    "mae_train": 1.3939867824537273,
    "r2_train": 0.989704140313856,
    "mse_test": 7.263439420429365,
    "mae_test": 1.8795970650516582,
    "r2_test": 0.9787229806834002
}