{
    "dataset": "227_cpu_small",
    "algorithm": "KTBoost",
    "params": {
        "alpha": 0.9,
        "alphaReg": 165.90993933635468,
        "base_learner": "combined",
        "criterion": "mse",
        "gamma": 1,
        "init": null,
        "kernel": "rbf",
        "learning_rate": 0.017844395833253687,
        "loss": "ls",
        "max_depth": 5,
        "max_features": 0.6282743783524962,
        "max_leaf_nodes": null,
        "min_impurity_decrease": 0.0,
        "min_samples_leaf": 1,
        "min_samples_split": 2,
        "min_weight_fraction_leaf": 0.0,
        "min_weight_leaf": 1.0,
        "n_components": 54,
        "n_estimators": 835,
        "n_iter_no_change": null,
        "n_neighbors": null,
        "nystroem": true,
        "prctg_neighbors": null,
        "random_state": 6265,
        "range_adjust": 1.0,
        "scaleX": false,
        "sigma": 1.0,
        "sparse": false,
        "subsample": 0.8640502010710482,
        "theta": 5.060367867412291,
        "tol": 0.0001,
        "tweedie_variance_power": 1.5,
        "update_step": "hybrid",
        "validation_fraction": 0.1,
        "verbose": 0,
        "warm_start": false,
        "yl": 0.0,
        "yu": 1.0
    },
    "random_state": 6265,
    "process_time": 1894.83130441,
    "time_time": 1895.4708893299103,
    "target_noise": 0.0,
    "feature_noise": 0.0,
    "model_size": 12,
    "symbolic_model": "not implemented",
    "mse_train": 3.256003313073707,
    "mae_train": 1.3480373260545158,
    "r2_train": 0.9901417179326427,
    "mse_test": 7.623022713521561,
    "mae_test": 1.861960244318406,
    "r2_test": 0.9790167136537402
}