{
    "dataset": "227_cpu_small",
    "algorithm": "KTBoost",
    "params": {
        "alpha": 0.9,
        "alphaReg": 0.004266531124312992,
        "base_learner": "combined",
        "criterion": "mse",
        "gamma": 1,
        "init": null,
        "kernel": "rbf",
        "learning_rate": 0.015380568716172762,
        "loss": "ls",
        "max_depth": 6,
        "max_features": 0.7129985506555427,
        "max_leaf_nodes": null,
        "min_impurity_decrease": 0.0,
        "min_samples_leaf": 1,
        "min_samples_split": 2,
        "min_weight_fraction_leaf": 0.0,
        "min_weight_leaf": 1.0,
        "n_components": 12,
        "n_estimators": 711,
        "n_iter_no_change": null,
        "n_neighbors": null,
        "nystroem": true,
        "prctg_neighbors": null,
        "random_state": 23654,
        "range_adjust": 1.0,
        "scaleX": false,
        "sigma": 1.0,
        "sparse": false,
        "subsample": 0.5297696794616905,
        "theta": 1.0299400698618872,
        "tol": 0.0001,
        "tweedie_variance_power": 1.5,
        "update_step": "hybrid",
        "validation_fraction": 0.1,
        "verbose": 0,
        "warm_start": false,
        "yl": 0.0,
        "yu": 1.0
    },
    "random_state": 23654,
    "process_time": 1683.1035571,
    "time_time": 1683.6350088119507,
    "target_noise": 0.0,
    "feature_noise": 0.0,
    "model_size": 12,
    "symbolic_model": "not implemented",
    "mse_train": 2.771810725809859,
    "mae_train": 1.2560912046198422,
    "r2_train": 0.9918341601900426,
    "mse_test": 7.465634721961825,
    "mae_test": 1.8866743487571884,
    "r2_test": 0.9777832068542545
}