{
    "dataset": "1199_BNG_echoMonths",
    "algorithm": "KTBoost",
    "params": {
        "alpha": 0.9,
        "alphaReg": 2.568694319405244e-06,
        "base_learner": "combined",
        "criterion": "mse",
        "gamma": 1,
        "init": null,
        "kernel": "rbf",
        "learning_rate": 0.003569775439166281,
        "loss": "ls",
        "max_depth": 9,
        "max_features": 0.5895967195692158,
        "max_leaf_nodes": null,
        "min_impurity_decrease": 0.0,
        "min_samples_leaf": 1,
        "min_samples_split": 2,
        "min_weight_fraction_leaf": 0.0,
        "min_weight_leaf": 1.0,
        "n_components": 2,
        "n_estimators": 610,
        "n_iter_no_change": null,
        "n_neighbors": null,
        "nystroem": true,
        "prctg_neighbors": null,
        "random_state": 15795,
        "range_adjust": 1.0,
        "scaleX": false,
        "sigma": 1.0,
        "sparse": false,
        "subsample": 0.5332453767528759,
        "theta": 0.07760439991844997,
        "tol": 0.0001,
        "tweedie_variance_power": 1.5,
        "update_step": "hybrid",
        "validation_fraction": 0.1,
        "verbose": 0,
        "warm_start": false,
        "yl": 0.0,
        "yu": 1.0
    },
    "random_state": 15795,
    "process_time": 1383.75708147,
    "time_time": 1384.6078987121582,
    "target_noise": 0.0,
    "feature_noise": 0.0,
    "model_size": 9,
    "symbolic_model": "not implemented",
    "mse_train": 77.33719284977713,
    "mae_train": 6.960847565286851,
    "r2_train": 0.6912978061814748,
    "mse_test": 135.07442541630823,
    "mae_test": 9.091198598870488,
    "r2_test": 0.4567661408283076
}