{
    "dataset": "1199_BNG_echoMonths",
    "algorithm": "KTBoost",
    "params": {
        "alpha": 0.9,
        "alphaReg": 1.3995059310872031,
        "base_learner": "combined",
        "criterion": "mse",
        "gamma": 1,
        "init": null,
        "kernel": "rbf",
        "learning_rate": 0.0032265599354432102,
        "loss": "ls",
        "max_depth": 19,
        "max_features": 0.6038876607357243,
        "max_leaf_nodes": null,
        "min_impurity_decrease": 0.0,
        "min_samples_leaf": 1,
        "min_samples_split": 2,
        "min_weight_fraction_leaf": 0.0,
        "min_weight_leaf": 1.0,
        "n_components": 4,
        "n_estimators": 690,
        "n_iter_no_change": null,
        "n_neighbors": null,
        "nystroem": true,
        "prctg_neighbors": null,
        "random_state": 23654,
        "range_adjust": 1.0,
        "scaleX": false,
        "sigma": 1.0,
        "sparse": false,
        "subsample": 0.7029181285257318,
        "theta": 0.21452405304962405,
        "tol": 0.0001,
        "tweedie_variance_power": 1.5,
        "update_step": "hybrid",
        "validation_fraction": 0.1,
        "verbose": 0,
        "warm_start": false,
        "yl": 0.0,
        "yu": 1.0
    },
    "random_state": 23654,
    "process_time": 1586.1646831399999,
    "time_time": 1586.9252398014069,
    "target_noise": 0.0,
    "feature_noise": 0.0,
    "model_size": 9,
    "symbolic_model": "not implemented",
    "mse_train": 8.803294389311445,
    "mae_train": 2.3881848744037177,
    "r2_train": 0.9647213153262323,
    "mse_test": 140.36201542557242,
    "mae_test": 9.261905031426716,
    "r2_test": 0.4545441997012395
}