{
    "dataset": "1199_BNG_echoMonths",
    "algorithm": "KTBoost",
    "params": {
        "alpha": 0.9,
        "alphaReg": 6.813951004292488,
        "base_learner": "combined",
        "criterion": "mse",
        "gamma": 1,
        "init": null,
        "kernel": "rbf",
        "learning_rate": 0.008778862626654118,
        "loss": "ls",
        "max_depth": 18,
        "max_features": 0.5181758378045392,
        "max_leaf_nodes": null,
        "min_impurity_decrease": 0.0,
        "min_samples_leaf": 1,
        "min_samples_split": 2,
        "min_weight_fraction_leaf": 0.0,
        "min_weight_leaf": 1.0,
        "n_components": 64,
        "n_estimators": 264,
        "n_iter_no_change": null,
        "n_neighbors": null,
        "nystroem": true,
        "prctg_neighbors": null,
        "random_state": 11964,
        "range_adjust": 1.0,
        "scaleX": false,
        "sigma": 1.0,
        "sparse": false,
        "subsample": 0.7902411044525928,
        "theta": 5.343430282892746,
        "tol": 0.0001,
        "tweedie_variance_power": 1.5,
        "update_step": "hybrid",
        "validation_fraction": 0.1,
        "verbose": 0,
        "warm_start": false,
        "yl": 0.0,
        "yu": 1.0
    },
    "random_state": 11964,
    "process_time": 1364.77613322,
    "time_time": 1366.390468120575,
    "target_noise": 0.0,
    "feature_noise": 0.0,
    "model_size": 9,
    "symbolic_model": "not implemented",
    "mse_train": 7.101348628805029,
    "mae_train": 2.136868982603311,
    "r2_train": 0.9712014050156534,
    "mse_test": 139.04016404347146,
    "mae_test": 9.176408677088629,
    "r2_test": 0.4450990504076877
}