{
    "dataset": "1595_poker",
    "algorithm": "KTBoost",
    "params": {
        "alpha": 0.9,
        "alphaReg": 4.505671635127068e-06,
        "base_learner": "combined",
        "criterion": "mse",
        "gamma": 1,
        "init": null,
        "kernel": "rbf",
        "learning_rate": 0.008058910615088042,
        "loss": "ls",
        "max_depth": 10,
        "max_features": 0.5632111269551117,
        "max_leaf_nodes": null,
        "min_impurity_decrease": 0.0,
        "min_samples_leaf": 1,
        "min_samples_split": 2,
        "min_weight_fraction_leaf": 0.0,
        "min_weight_leaf": 1.0,
        "n_components": 38,
        "n_estimators": 90,
        "n_iter_no_change": null,
        "n_neighbors": null,
        "nystroem": true,
        "prctg_neighbors": null,
        "random_state": 11964,
        "range_adjust": 1.0,
        "scaleX": false,
        "sigma": 1.0,
        "sparse": false,
        "subsample": 0.670019857937018,
        "theta": 2.9156757950748067,
        "tol": 0.0001,
        "tweedie_variance_power": 1.5,
        "update_step": "hybrid",
        "validation_fraction": 0.1,
        "verbose": 0,
        "warm_start": false,
        "yl": 0.0,
        "yu": 1.0
    },
    "random_state": 11964,
    "process_time": 1262.52764672,
    "time_time": 1264.083928346634,
    "target_noise": 0.0,
    "feature_noise": 0.0,
    "model_size": 10,
    "symbolic_model": "not implemented",
    "mse_train": 0.4257956148548892,
    "mae_train": 0.5191737007990769,
    "r2_train": 0.3062284611008097,
    "mse_test": 0.537869957399124,
    "mae_test": 0.5760460209319566,
    "r2_test": 0.10604521630808739
}