{
    "dataset": "1595_poker",
    "algorithm": "KTBoost",
    "params": {
        "alpha": 0.9,
        "alphaReg": 5.069518288994013e-05,
        "base_learner": "combined",
        "criterion": "mse",
        "gamma": 1,
        "init": null,
        "kernel": "rbf",
        "learning_rate": 0.0037093641475895588,
        "loss": "ls",
        "max_depth": 8,
        "max_features": 0.7787449358982733,
        "max_leaf_nodes": null,
        "min_impurity_decrease": 0.0,
        "min_samples_leaf": 1,
        "min_samples_split": 2,
        "min_weight_fraction_leaf": 0.0,
        "min_weight_leaf": 1.0,
        "n_components": 67,
        "n_estimators": 164,
        "n_iter_no_change": null,
        "n_neighbors": null,
        "nystroem": true,
        "prctg_neighbors": null,
        "random_state": 6265,
        "range_adjust": 1.0,
        "scaleX": false,
        "sigma": 1.0,
        "sparse": false,
        "subsample": 0.7579062281275115,
        "theta": 1.1600393549264294,
        "tol": 0.0001,
        "tweedie_variance_power": 1.5,
        "update_step": "hybrid",
        "validation_fraction": 0.1,
        "verbose": 0,
        "warm_start": false,
        "yl": 0.0,
        "yu": 1.0
    },
    "random_state": 6265,
    "process_time": 1197.4263852299998,
    "time_time": 1199.3079369068146,
    "target_noise": 0.0,
    "feature_noise": 0.0,
    "model_size": 10,
    "symbolic_model": "not implemented",
    "mse_train": 0.499554613826236,
    "mae_train": 0.5656950316998579,
    "r2_train": 0.16413327096965202,
    "mse_test": 0.551992987159931,
    "mae_test": 0.5874858525331613,
    "r2_test": 0.08217165146078642
}