{
    "dataset": "1595_poker",
    "algorithm": "KTBoost",
    "params": {
        "alpha": 0.9,
        "alphaReg": 9.552616297058311e-05,
        "base_learner": "combined",
        "criterion": "mse",
        "gamma": 1,
        "init": null,
        "kernel": "rbf",
        "learning_rate": 0.003702050940339147,
        "loss": "ls",
        "max_depth": 14,
        "max_features": 0.6890480422362321,
        "max_leaf_nodes": null,
        "min_impurity_decrease": 0.0,
        "min_samples_leaf": 1,
        "min_samples_split": 2,
        "min_weight_fraction_leaf": 0.0,
        "min_weight_leaf": 1.0,
        "n_components": 72,
        "n_estimators": 209,
        "n_iter_no_change": null,
        "n_neighbors": null,
        "nystroem": true,
        "prctg_neighbors": null,
        "random_state": 23654,
        "range_adjust": 1.0,
        "scaleX": false,
        "sigma": 1.0,
        "sparse": false,
        "subsample": 0.5011035902742413,
        "theta": 0.06160733067428086,
        "tol": 0.0001,
        "tweedie_variance_power": 1.5,
        "update_step": "hybrid",
        "validation_fraction": 0.1,
        "verbose": 0,
        "warm_start": false,
        "yl": 0.0,
        "yu": 1.0
    },
    "random_state": 23654,
    "process_time": 1239.06314782,
    "time_time": 1239.7776110172272,
    "target_noise": 0.0,
    "feature_noise": 0.0,
    "model_size": 10,
    "symbolic_model": "not implemented",
    "mse_train": 0.29908079185035896,
    "mae_train": 0.4318630087044834,
    "r2_train": 0.5016513182571444,
    "mse_test": 0.5229615848164153,
    "mae_test": 0.5654535548002502,
    "r2_test": 0.1252161348486952
}