{
    "dataset": "1595_poker",
    "algorithm": "KTBoost",
    "params": {
        "alpha": 0.9,
        "alphaReg": 68.96327299152968,
        "base_learner": "combined",
        "criterion": "mse",
        "gamma": 1,
        "init": null,
        "kernel": "rbf",
        "learning_rate": 0.003800873687516853,
        "loss": "ls",
        "max_depth": 15,
        "max_features": 0.7048642058218579,
        "max_leaf_nodes": null,
        "min_impurity_decrease": 0.0,
        "min_samples_leaf": 1,
        "min_samples_split": 2,
        "min_weight_fraction_leaf": 0.0,
        "min_weight_leaf": 1.0,
        "n_components": 85,
        "n_estimators": 142,
        "n_iter_no_change": null,
        "n_neighbors": null,
        "nystroem": true,
        "prctg_neighbors": null,
        "random_state": 11284,
        "range_adjust": 1.0,
        "scaleX": false,
        "sigma": 1.0,
        "sparse": false,
        "subsample": 0.6013065931397329,
        "theta": 0.09508992232071639,
        "tol": 0.0001,
        "tweedie_variance_power": 1.5,
        "update_step": "hybrid",
        "validation_fraction": 0.1,
        "verbose": 0,
        "warm_start": false,
        "yl": 0.0,
        "yu": 1.0
    },
    "random_state": 11284,
    "process_time": 1211.83787102,
    "time_time": 1213.6091153621674,
    "target_noise": 0.0,
    "feature_noise": 0.0,
    "model_size": 10,
    "symbolic_model": "not implemented",
    "mse_train": 0.33645140498129533,
    "mae_train": 0.4605262274066554,
    "r2_train": 0.44045216900290374,
    "mse_test": 0.5399277587869197,
    "mae_test": 0.5762019035434566,
    "r2_test": 0.10499630363629164
}