{
    "dataset": "210_cloud",
    "algorithm": "KTBoost",
    "params": {
        "alpha": 0.9,
        "alphaReg": 1.0958024684157435,
        "base_learner": "combined",
        "criterion": "mse",
        "gamma": 1,
        "init": null,
        "kernel": "rbf",
        "learning_rate": 0.010906574702377278,
        "loss": "ls",
        "max_depth": 1,
        "max_features": 0.7193592404722549,
        "max_leaf_nodes": null,
        "min_impurity_decrease": 0.0,
        "min_samples_leaf": 1,
        "min_samples_split": 2,
        "min_weight_fraction_leaf": 0.0,
        "min_weight_leaf": 1.0,
        "n_components": 64,
        "n_estimators": 796,
        "n_iter_no_change": null,
        "n_neighbors": null,
        "nystroem": true,
        "prctg_neighbors": null,
        "random_state": 860,
        "range_adjust": 1.0,
        "scaleX": false,
        "sigma": 1.0,
        "sparse": false,
        "subsample": 0.9377052713314304,
        "theta": 8.368556887455911,
        "tol": 0.0001,
        "tweedie_variance_power": 1.5,
        "update_step": "hybrid",
        "validation_fraction": 0.1,
        "verbose": 0,
        "warm_start": false,
        "yl": 0.0,
        "yu": 1.0
    },
    "random_state": 860,
    "process_time": 1013.50056125,
    "time_time": 1014.3987398147583,
    "target_noise": 0.0,
    "feature_noise": 0.0,
    "model_size": 5,
    "symbolic_model": "not implemented",
    "mse_train": 0.06174998396306048,
    "mae_train": 0.18674628043317926,
    "r2_train": 0.9468554895208008,
    "mse_test": 0.34641209503456655,
    "mae_test": 0.28557272535416367,
    "r2_test": 0.6851749087852711
}