{
    "dataset": "210_cloud",
    "algorithm": "KTBoost",
    "params": {
        "alpha": 0.9,
        "alphaReg": 5.123344613106071e-05,
        "base_learner": "combined",
        "criterion": "mse",
        "gamma": 1,
        "init": null,
        "kernel": "rbf",
        "learning_rate": 0.09015619929701123,
        "loss": "ls",
        "max_depth": 5,
        "max_features": 0.9700889185348253,
        "max_leaf_nodes": null,
        "min_impurity_decrease": 0.0,
        "min_samples_leaf": 1,
        "min_samples_split": 2,
        "min_weight_fraction_leaf": 0.0,
        "min_weight_leaf": 1.0,
        "n_components": 16,
        "n_estimators": 287,
        "n_iter_no_change": null,
        "n_neighbors": null,
        "nystroem": true,
        "prctg_neighbors": null,
        "random_state": 23654,
        "range_adjust": 1.0,
        "scaleX": false,
        "sigma": 1.0,
        "sparse": false,
        "subsample": 0.5332942024173335,
        "theta": 4.386437245023419,
        "tol": 0.0001,
        "tweedie_variance_power": 1.5,
        "update_step": "hybrid",
        "validation_fraction": 0.1,
        "verbose": 0,
        "warm_start": false,
        "yl": 0.0,
        "yu": 1.0
    },
    "random_state": 23654,
    "process_time": 1037.19302257,
    "time_time": 1037.5487098693848,
    "target_noise": 0.0,
    "feature_noise": 0.0,
    "model_size": 5,
    "symbolic_model": "not implemented",
    "mse_train": 1.2629292582284554e-06,
    "mae_train": 0.0009837078778663442,
    "r2_train": 0.9999987216614736,
    "mse_test": 0.12002736673200971,
    "mae_test": 0.22469615285212205,
    "r2_test": 0.9203977842016668
}