{
    "dataset": "210_cloud",
    "algorithm": "KTBoost",
    "params": {
        "alpha": 0.9,
        "alphaReg": 20.429471496105876,
        "base_learner": "combined",
        "criterion": "mse",
        "gamma": 1,
        "init": null,
        "kernel": "rbf",
        "learning_rate": 0.012807676878227455,
        "loss": "ls",
        "max_depth": 2,
        "max_features": 0.9291400986753121,
        "max_leaf_nodes": null,
        "min_impurity_decrease": 0.0,
        "min_samples_leaf": 1,
        "min_samples_split": 2,
        "min_weight_fraction_leaf": 0.0,
        "min_weight_leaf": 1.0,
        "n_components": 83,
        "n_estimators": 919,
        "n_iter_no_change": null,
        "n_neighbors": null,
        "nystroem": true,
        "prctg_neighbors": null,
        "random_state": 6265,
        "range_adjust": 1.0,
        "scaleX": false,
        "sigma": 1.0,
        "sparse": false,
        "subsample": 0.8567691277010829,
        "theta": 15.166815058582744,
        "tol": 0.0001,
        "tweedie_variance_power": 1.5,
        "update_step": "hybrid",
        "validation_fraction": 0.1,
        "verbose": 0,
        "warm_start": false,
        "yl": 0.0,
        "yu": 1.0
    },
    "random_state": 6265,
    "process_time": 983.9899521699999,
    "time_time": 985.5668156147003,
    "target_noise": 0.0,
    "feature_noise": 0.0,
    "model_size": 5,
    "symbolic_model": "not implemented",
    "mse_train": 0.011850983093596425,
    "mae_train": 0.08171484483342012,
    "r2_train": 0.990432724239872,
    "mse_test": 0.3720847091412275,
    "mae_test": 0.32603725836070485,
    "r2_test": 0.5562229275527454
}