{
    "dataset": "210_cloud",
    "algorithm": "KTBoost",
    "params": {
        "alpha": 0.9,
        "alphaReg": 5.0820729738837504e-05,
        "base_learner": "combined",
        "criterion": "mse",
        "gamma": 1,
        "init": null,
        "kernel": "rbf",
        "learning_rate": 0.03918796091268739,
        "loss": "ls",
        "max_depth": 1,
        "max_features": 0.757671844169321,
        "max_leaf_nodes": null,
        "min_impurity_decrease": 0.0,
        "min_samples_leaf": 1,
        "min_samples_split": 2,
        "min_weight_fraction_leaf": 0.0,
        "min_weight_leaf": 1.0,
        "n_components": 72,
        "n_estimators": 839,
        "n_iter_no_change": null,
        "n_neighbors": null,
        "nystroem": true,
        "prctg_neighbors": null,
        "random_state": 21575,
        "range_adjust": 1.0,
        "scaleX": false,
        "sigma": 1.0,
        "sparse": false,
        "subsample": 0.5733394577657149,
        "theta": 28.512344406855636,
        "tol": 0.0001,
        "tweedie_variance_power": 1.5,
        "update_step": "hybrid",
        "validation_fraction": 0.1,
        "verbose": 0,
        "warm_start": false,
        "yl": 0.0,
        "yu": 1.0
    },
    "random_state": 21575,
    "process_time": 1053.97688751,
    "time_time": 1054.870766401291,
    "target_noise": 0.0,
    "feature_noise": 0.0,
    "model_size": 5,
    "symbolic_model": "not implemented",
    "mse_train": 0.016998084987117284,
    "mae_train": 0.10018782821537772,
    "r2_train": 0.9857901094707823,
    "mse_test": 0.47592919175951287,
    "mae_test": 0.35455979148747646,
    "r2_test": 0.5237687487125754
}