{
    "dataset": "210_cloud",
    "algorithm": "KTBoost",
    "params": {
        "alpha": 0.9,
        "alphaReg": 0.0010815685225186971,
        "base_learner": "combined",
        "criterion": "mse",
        "gamma": 1,
        "init": null,
        "kernel": "rbf",
        "learning_rate": 0.07475479047606864,
        "loss": "ls",
        "max_depth": 17,
        "max_features": 0.925994266456678,
        "max_leaf_nodes": null,
        "min_impurity_decrease": 0.0,
        "min_samples_leaf": 1,
        "min_samples_split": 2,
        "min_weight_fraction_leaf": 0.0,
        "min_weight_leaf": 1.0,
        "n_components": 82,
        "n_estimators": 532,
        "n_iter_no_change": null,
        "n_neighbors": null,
        "nystroem": true,
        "prctg_neighbors": null,
        "random_state": 11284,
        "range_adjust": 1.0,
        "scaleX": false,
        "sigma": 1.0,
        "sparse": false,
        "subsample": 0.6390505968987784,
        "theta": 14.36589849774755,
        "tol": 0.0001,
        "tweedie_variance_power": 1.5,
        "update_step": "hybrid",
        "validation_fraction": 0.1,
        "verbose": 0,
        "warm_start": false,
        "yl": 0.0,
        "yu": 1.0
    },
    "random_state": 11284,
    "process_time": 1022.00963989,
    "time_time": 1022.8648900985718,
    "target_noise": 0.0,
    "feature_noise": 0.0,
    "model_size": 5,
    "symbolic_model": "not implemented",
    "mse_train": 2.6355747866635096e-16,
    "mae_train": 1.4224401537216639e-08,
    "r2_train": 0.9999999999999998,
    "mse_test": 0.2424022549029864,
    "mae_test": 0.37177433922738373,
    "r2_test": 0.5179260365739211
}