{
    "dataset": "195_auto_price",
    "algorithm": "KTBoost",
    "params": {
        "alpha": 0.9,
        "alphaReg": 43.859937647016636,
        "base_learner": "combined",
        "criterion": "mse",
        "gamma": 1,
        "init": null,
        "kernel": "rbf",
        "learning_rate": 0.04926469019560439,
        "loss": "ls",
        "max_depth": 5,
        "max_features": 0.6585302570092022,
        "max_leaf_nodes": null,
        "min_impurity_decrease": 0.0,
        "min_samples_leaf": 1,
        "min_samples_split": 2,
        "min_weight_fraction_leaf": 0.0,
        "min_weight_leaf": 1.0,
        "n_components": 60,
        "n_estimators": 237,
        "n_iter_no_change": null,
        "n_neighbors": null,
        "nystroem": true,
        "prctg_neighbors": null,
        "random_state": 5390,
        "range_adjust": 1.0,
        "scaleX": false,
        "sigma": 1.0,
        "sparse": false,
        "subsample": 0.7276609695853065,
        "theta": 2.7947532954380248,
        "tol": 0.0001,
        "tweedie_variance_power": 1.5,
        "update_step": "hybrid",
        "validation_fraction": 0.1,
        "verbose": 0,
        "warm_start": false,
        "yl": 0.0,
        "yu": 1.0
    },
    "random_state": 5390,
    "process_time": 1129.80322074,
    "time_time": 1130.813045501709,
    "target_noise": 0.0,
    "feature_noise": 0.0,
    "model_size": 15,
    "symbolic_model": "not implemented",
    "mse_train": 33456.86247174536,
    "mae_train": 95.55283831671309,
    "r2_train": 0.9990621504459376,
    "mse_test": 2807848.365804936,
    "mae_test": 1136.2177322585208,
    "r2_test": 0.9059348626706076
}