{
    "dataset": "195_auto_price",
    "algorithm": "KTBoost",
    "params": {
        "alpha": 0.9,
        "alphaReg": 10.413338825922125,
        "base_learner": "combined",
        "criterion": "mse",
        "gamma": 1,
        "init": null,
        "kernel": "rbf",
        "learning_rate": 0.016697184491931912,
        "loss": "ls",
        "max_depth": 19,
        "max_features": 0.8326831206939982,
        "max_leaf_nodes": null,
        "min_impurity_decrease": 0.0,
        "min_samples_leaf": 1,
        "min_samples_split": 2,
        "min_weight_fraction_leaf": 0.0,
        "min_weight_leaf": 1.0,
        "n_components": 18,
        "n_estimators": 236,
        "n_iter_no_change": null,
        "n_neighbors": null,
        "nystroem": true,
        "prctg_neighbors": null,
        "random_state": 11284,
        "range_adjust": 1.0,
        "scaleX": false,
        "sigma": 1.0,
        "sparse": false,
        "subsample": 0.5392018171827466,
        "theta": 0.04835018048449396,
        "tol": 0.0001,
        "tweedie_variance_power": 1.5,
        "update_step": "hybrid",
        "validation_fraction": 0.1,
        "verbose": 0,
        "warm_start": false,
        "yl": 0.0,
        "yu": 1.0
    },
    "random_state": 11284,
    "process_time": 1156.49757988,
    "time_time": 1158.0946078300476,
    "target_noise": 0.0,
    "feature_noise": 0.0,
    "model_size": 15,
    "symbolic_model": "not implemented",
    "mse_train": 117380.33407141612,
    "mae_train": 231.95182575177108,
    "r2_train": 0.9964434562076626,
    "mse_test": 2248994.8127076766,
    "mae_test": 1100.135392790938,
    "r2_test": 0.9411843132949739
}