{
    "dataset": "195_auto_price",
    "algorithm": "KTBoost",
    "params": {
        "alpha": 0.9,
        "alphaReg": 4.662464582086606e-05,
        "base_learner": "combined",
        "criterion": "mse",
        "gamma": 1,
        "init": null,
        "kernel": "rbf",
        "learning_rate": 0.015679659378218483,
        "loss": "ls",
        "max_depth": 5,
        "max_features": 0.5694541579941083,
        "max_leaf_nodes": null,
        "min_impurity_decrease": 0.0,
        "min_samples_leaf": 1,
        "min_samples_split": 2,
        "min_weight_fraction_leaf": 0.0,
        "min_weight_leaf": 1.0,
        "n_components": 2,
        "n_estimators": 678,
        "n_iter_no_change": null,
        "n_neighbors": null,
        "nystroem": true,
        "prctg_neighbors": null,
        "random_state": 860,
        "range_adjust": 1.0,
        "scaleX": false,
        "sigma": 1.0,
        "sparse": false,
        "subsample": 0.501467692429701,
        "theta": 6.6204409546481005,
        "tol": 0.0001,
        "tweedie_variance_power": 1.5,
        "update_step": "hybrid",
        "validation_fraction": 0.1,
        "verbose": 0,
        "warm_start": false,
        "yl": 0.0,
        "yu": 1.0
    },
    "random_state": 860,
    "process_time": 1159.56081653,
    "time_time": 1160.6613929271698,
    "target_noise": 0.0,
    "feature_noise": 0.0,
    "model_size": 15,
    "symbolic_model": "not implemented",
    "mse_train": 50993.404834193134,
    "mae_train": 167.43990699038625,
    "r2_train": 0.9987239151015916,
    "mse_test": 2613758.7897302983,
    "mae_test": 1041.5340612353955,
    "r2_test": 0.8373258717415166
}