{
    "dataset": "195_auto_price",
    "algorithm": "KTBoost",
    "params": {
        "alpha": 0.9,
        "alphaReg": 2.4188651735540843e-05,
        "base_learner": "combined",
        "criterion": "mse",
        "gamma": 1,
        "init": null,
        "kernel": "rbf",
        "learning_rate": 0.030509881623363908,
        "loss": "ls",
        "max_depth": 2,
        "max_features": 0.8767494281861039,
        "max_leaf_nodes": null,
        "min_impurity_decrease": 0.0,
        "min_samples_leaf": 1,
        "min_samples_split": 2,
        "min_weight_fraction_leaf": 0.0,
        "min_weight_leaf": 1.0,
        "n_components": 4,
        "n_estimators": 256,
        "n_iter_no_change": null,
        "n_neighbors": null,
        "nystroem": true,
        "prctg_neighbors": null,
        "random_state": 6265,
        "range_adjust": 1.0,
        "scaleX": false,
        "sigma": 1.0,
        "sparse": false,
        "subsample": 0.8911039515136746,
        "theta": 10.433379483765028,
        "tol": 0.0001,
        "tweedie_variance_power": 1.5,
        "update_step": "hybrid",
        "validation_fraction": 0.1,
        "verbose": 0,
        "warm_start": false,
        "yl": 0.0,
        "yu": 1.0
    },
    "random_state": 6265,
    "process_time": 1137.35734177,
    "time_time": 1138.571249961853,
    "target_noise": 0.0,
    "feature_noise": 0.0,
    "model_size": 15,
    "symbolic_model": "not implemented",
    "mse_train": 612122.3605022011,
    "mae_train": 569.7794348580668,
    "r2_train": 0.9834971904644441,
    "mse_test": 3425480.114100728,
    "mae_test": 1333.811201442701,
    "r2_test": 0.8686190464958871
}