{
    "dataset": "195_auto_price",
    "algorithm": "KTBoost",
    "params": {
        "alpha": 0.9,
        "alphaReg": 0.06818435697155406,
        "base_learner": "combined",
        "criterion": "mse",
        "gamma": 1,
        "init": null,
        "kernel": "rbf",
        "learning_rate": 0.09038710675019697,
        "loss": "ls",
        "max_depth": 8,
        "max_features": 0.836160550866754,
        "max_leaf_nodes": null,
        "min_impurity_decrease": 0.0,
        "min_samples_leaf": 1,
        "min_samples_split": 2,
        "min_weight_fraction_leaf": 0.0,
        "min_weight_leaf": 1.0,
        "n_components": 17,
        "n_estimators": 887,
        "n_iter_no_change": null,
        "n_neighbors": null,
        "nystroem": true,
        "prctg_neighbors": null,
        "random_state": 23654,
        "range_adjust": 1.0,
        "scaleX": false,
        "sigma": 1.0,
        "sparse": false,
        "subsample": 0.6460405209485198,
        "theta": 0.24738936536519937,
        "tol": 0.0001,
        "tweedie_variance_power": 1.5,
        "update_step": "hybrid",
        "validation_fraction": 0.1,
        "verbose": 0,
        "warm_start": false,
        "yl": 0.0,
        "yu": 1.0
    },
    "random_state": 23654,
    "process_time": 1154.07214519,
    "time_time": 1154.9777131080627,
    "target_noise": 0.0,
    "feature_noise": 0.0,
    "model_size": 15,
    "symbolic_model": "not implemented",
    "mse_train": 25735.296797182604,
    "mae_train": 29.448048107445732,
    "r2_train": 0.9992048290145579,
    "mse_test": 3243096.6756555014,
    "mae_test": 1111.1298996334754,
    "r2_test": 0.9187936612943716
}