{
    "dataset": "201_pol",
    "algorithm": "KTBoost",
    "params": {
        "alpha": 0.9,
        "alphaReg": 0.02989304710672279,
        "base_learner": "combined",
        "criterion": "mse",
        "gamma": 1,
        "init": null,
        "kernel": "rbf",
        "learning_rate": 0.009800079266251328,
        "loss": "ls",
        "max_depth": 19,
        "max_features": 0.7254862005178231,
        "max_leaf_nodes": null,
        "min_impurity_decrease": 0.0,
        "min_samples_leaf": 1,
        "min_samples_split": 2,
        "min_weight_fraction_leaf": 0.0,
        "min_weight_leaf": 1.0,
        "n_components": 83,
        "n_estimators": 891,
        "n_iter_no_change": null,
        "n_neighbors": null,
        "nystroem": true,
        "prctg_neighbors": null,
        "random_state": 15795,
        "range_adjust": 1.0,
        "scaleX": false,
        "sigma": 1.0,
        "sparse": false,
        "subsample": 0.5255064374026313,
        "theta": 30.723030185849133,
        "tol": 0.0001,
        "tweedie_variance_power": 1.5,
        "update_step": "hybrid",
        "validation_fraction": 0.1,
        "verbose": 0,
        "warm_start": false,
        "yl": 0.0,
        "yu": 1.0
    },
    "random_state": 15795,
    "process_time": 1968.8026520399999,
    "time_time": 1970.4868342876434,
    "target_noise": 0.0,
    "feature_noise": 0.0,
    "model_size": 48,
    "symbolic_model": "not implemented",
    "mse_train": 0.004242365868130466,
    "mae_train": 0.029079524830404796,
    "r2_train": 0.9999976112208019,
    "mse_test": 25.352888542157196,
    "mae_test": 1.96643398083533,
    "r2_test": 0.9853814000618233
}