{
    "dataset": "201_pol",
    "algorithm": "KTBoost",
    "params": {
        "alpha": 0.9,
        "alphaReg": 0.006743543376514979,
        "base_learner": "combined",
        "criterion": "mse",
        "gamma": 1,
        "init": null,
        "kernel": "rbf",
        "learning_rate": 0.009019138000193366,
        "loss": "ls",
        "max_depth": 16,
        "max_features": 0.6596267088617195,
        "max_leaf_nodes": null,
        "min_impurity_decrease": 0.0,
        "min_samples_leaf": 1,
        "min_samples_split": 2,
        "min_weight_fraction_leaf": 0.0,
        "min_weight_leaf": 1.0,
        "n_components": 23,
        "n_estimators": 890,
        "n_iter_no_change": null,
        "n_neighbors": null,
        "nystroem": true,
        "prctg_neighbors": null,
        "random_state": 6265,
        "range_adjust": 1.0,
        "scaleX": false,
        "sigma": 1.0,
        "sparse": false,
        "subsample": 0.7225703461561235,
        "theta": 0.0785831388492524,
        "tol": 0.0001,
        "tweedie_variance_power": 1.5,
        "update_step": "hybrid",
        "validation_fraction": 0.1,
        "verbose": 0,
        "warm_start": false,
        "yl": 0.0,
        "yu": 1.0
    },
    "random_state": 6265,
    "process_time": 2168.14243156,
    "time_time": 2170.815171957016,
    "target_noise": 0.0,
    "feature_noise": 0.0,
    "model_size": 48,
    "symbolic_model": "not implemented",
    "mse_train": 0.0031683763177979603,
    "mae_train": 0.022885690786213178,
    "r2_train": 0.9999982185474333,
    "mse_test": 22.7948362668791,
    "mae_test": 1.907940274035833,
    "r2_test": 0.9868815294367476
}