{
    "dataset": "201_pol",
    "algorithm": "KTBoost",
    "params": {
        "alpha": 0.9,
        "alphaReg": 0.06632231829051335,
        "base_learner": "combined",
        "criterion": "mse",
        "gamma": 1,
        "init": null,
        "kernel": "rbf",
        "learning_rate": 0.014305231626366193,
        "loss": "ls",
        "max_depth": 13,
        "max_features": 0.5985425529182818,
        "max_leaf_nodes": null,
        "min_impurity_decrease": 0.0,
        "min_samples_leaf": 1,
        "min_samples_split": 2,
        "min_weight_fraction_leaf": 0.0,
        "min_weight_leaf": 1.0,
        "n_components": 94,
        "n_estimators": 736,
        "n_iter_no_change": null,
        "n_neighbors": null,
        "nystroem": true,
        "prctg_neighbors": null,
        "random_state": 21575,
        "range_adjust": 1.0,
        "scaleX": false,
        "sigma": 1.0,
        "sparse": false,
        "subsample": 0.5066500714279101,
        "theta": 4.207891376887427,
        "tol": 0.0001,
        "tweedie_variance_power": 1.5,
        "update_step": "hybrid",
        "validation_fraction": 0.1,
        "verbose": 0,
        "warm_start": false,
        "yl": 0.0,
        "yu": 1.0
    },
    "random_state": 21575,
    "process_time": 2065.38823666,
    "time_time": 2067.3157353401184,
    "target_noise": 0.0,
    "feature_noise": 0.0,
    "model_size": 48,
    "symbolic_model": "not implemented",
    "mse_train": 0.0329122223783837,
    "mae_train": 0.0903209914389713,
    "r2_train": 0.9999807827083338,
    "mse_test": 19.135177135657425,
    "mae_test": 1.7460064408057607,
    "r2_test": 0.9891909343850424
}