{
    "dataset": "201_pol",
    "algorithm": "KTBoost",
    "params": {
        "alpha": 0.9,
        "alphaReg": 0.03445340375792021,
        "base_learner": "combined",
        "criterion": "mse",
        "gamma": 1,
        "init": null,
        "kernel": "rbf",
        "learning_rate": 0.03423116477201153,
        "loss": "ls",
        "max_depth": 19,
        "max_features": 0.6848133350315841,
        "max_leaf_nodes": null,
        "min_impurity_decrease": 0.0,
        "min_samples_leaf": 1,
        "min_samples_split": 2,
        "min_weight_fraction_leaf": 0.0,
        "min_weight_leaf": 1.0,
        "n_components": 70,
        "n_estimators": 491,
        "n_iter_no_change": null,
        "n_neighbors": null,
        "nystroem": true,
        "prctg_neighbors": null,
        "random_state": 5390,
        "range_adjust": 1.0,
        "scaleX": false,
        "sigma": 1.0,
        "sparse": false,
        "subsample": 0.5144250244674688,
        "theta": 7.088225893894613,
        "tol": 0.0001,
        "tweedie_variance_power": 1.5,
        "update_step": "hybrid",
        "validation_fraction": 0.1,
        "verbose": 0,
        "warm_start": false,
        "yl": 0.0,
        "yu": 1.0
    },
    "random_state": 5390,
    "process_time": 2084.94204509,
    "time_time": 2087.1413481235504,
    "target_noise": 0.0,
    "feature_noise": 0.0,
    "model_size": 48,
    "symbolic_model": "not implemented",
    "mse_train": 6.985393301395285e-05,
    "mae_train": 0.00470228987474236,
    "r2_train": 0.9999999599792389,
    "mse_test": 23.669829597499128,
    "mae_test": 1.8898954495041356,
    "r2_test": 0.986539635189065
}