{
    "dataset": "201_pol",
    "algorithm": "KTBoost",
    "params": {
        "alpha": 0.9,
        "alphaReg": 10.913909278821036,
        "base_learner": "combined",
        "criterion": "mse",
        "gamma": 1,
        "init": null,
        "kernel": "rbf",
        "learning_rate": 0.027716558204507136,
        "loss": "ls",
        "max_depth": 19,
        "max_features": 0.7393064953120261,
        "max_leaf_nodes": null,
        "min_impurity_decrease": 0.0,
        "min_samples_leaf": 1,
        "min_samples_split": 2,
        "min_weight_fraction_leaf": 0.0,
        "min_weight_leaf": 1.0,
        "n_components": 31,
        "n_estimators": 967,
        "n_iter_no_change": null,
        "n_neighbors": null,
        "nystroem": true,
        "prctg_neighbors": null,
        "random_state": 11964,
        "range_adjust": 1.0,
        "scaleX": false,
        "sigma": 1.0,
        "sparse": false,
        "subsample": 0.5896282040739682,
        "theta": 7.5329955050764275,
        "tol": 0.0001,
        "tweedie_variance_power": 1.5,
        "update_step": "hybrid",
        "validation_fraction": 0.1,
        "verbose": 0,
        "warm_start": false,
        "yl": 0.0,
        "yu": 1.0
    },
    "random_state": 11964,
    "process_time": 2125.21129653,
    "time_time": 2127.207326889038,
    "target_noise": 0.0,
    "feature_noise": 0.0,
    "model_size": 48,
    "symbolic_model": "not implemented",
    "mse_train": 2.2369882543875633e-08,
    "mae_train": 8.868085148638797e-05,
    "r2_train": 0.999999999987066,
    "mse_test": 26.63797520480026,
    "mae_test": 1.9417105876904488,
    "r2_test": 0.9849896191467821
}