{
    "dataset": "1191_BNG_pbc",
    "algorithm": "KTBoost",
    "params": {
        "alpha": 0.9,
        "alphaReg": 37.01317259539967,
        "base_learner": "combined",
        "criterion": "mse",
        "gamma": 1,
        "init": null,
        "kernel": "rbf",
        "learning_rate": 0.005024954639686244,
        "loss": "ls",
        "max_depth": 6,
        "max_features": 0.5197201532885607,
        "max_leaf_nodes": null,
        "min_impurity_decrease": 0.0,
        "min_samples_leaf": 1,
        "min_samples_split": 2,
        "min_weight_fraction_leaf": 0.0,
        "min_weight_leaf": 1.0,
        "n_components": 65,
        "n_estimators": 644,
        "n_iter_no_change": null,
        "n_neighbors": null,
        "nystroem": true,
        "prctg_neighbors": null,
        "random_state": 15795,
        "range_adjust": 1.0,
        "scaleX": false,
        "sigma": 1.0,
        "sparse": false,
        "subsample": 0.6357248317708541,
        "theta": 0.5257827652561945,
        "tol": 0.0001,
        "tweedie_variance_power": 1.5,
        "update_step": "hybrid",
        "validation_fraction": 0.1,
        "verbose": 0,
        "warm_start": false,
        "yl": 0.0,
        "yu": 1.0
    },
    "random_state": 15795,
    "process_time": 1902.67123464,
    "time_time": 1904.6751153469086,
    "target_noise": 0.0,
    "feature_noise": 0.0,
    "model_size": 18,
    "symbolic_model": "not implemented",
    "mse_train": 612946.3056014762,
    "mae_train": 615.1946605078583,
    "r2_train": 0.5070095428068528,
    "mse_test": 755598.1468722473,
    "mae_test": 677.3639245992541,
    "r2_test": 0.37939389028046555
}