{
    "dataset": "1191_BNG_pbc",
    "algorithm": "KTBoost",
    "params": {
        "alpha": 0.9,
        "alphaReg": 0.0001226080148144548,
        "base_learner": "combined",
        "criterion": "mse",
        "gamma": 1,
        "init": null,
        "kernel": "rbf",
        "learning_rate": 0.00519914989269381,
        "loss": "ls",
        "max_depth": 5,
        "max_features": 0.6761390519390278,
        "max_leaf_nodes": null,
        "min_impurity_decrease": 0.0,
        "min_samples_leaf": 1,
        "min_samples_split": 2,
        "min_weight_fraction_leaf": 0.0,
        "min_weight_leaf": 1.0,
        "n_components": 12,
        "n_estimators": 994,
        "n_iter_no_change": null,
        "n_neighbors": null,
        "nystroem": true,
        "prctg_neighbors": null,
        "random_state": 23654,
        "range_adjust": 1.0,
        "scaleX": false,
        "sigma": 1.0,
        "sparse": false,
        "subsample": 0.8514718610076428,
        "theta": 0.1262522940072628,
        "tol": 0.0001,
        "tweedie_variance_power": 1.5,
        "update_step": "hybrid",
        "validation_fraction": 0.1,
        "verbose": 0,
        "warm_start": false,
        "yl": 0.0,
        "yu": 1.0
    },
    "random_state": 23654,
    "process_time": 1948.90204969,
    "time_time": 1949.4710342884064,
    "target_noise": 0.0,
    "feature_noise": 0.0,
    "model_size": 18,
    "symbolic_model": "not implemented",
    "mse_train": 617867.7157885124,
    "mae_train": 617.8685213433164,
    "r2_train": 0.4928147016326505,
    "mse_test": 751735.6308287471,
    "mae_test": 672.8298773936883,
    "r2_test": 0.38262718581850974
}