{
    "dataset": "1191_BNG_pbc",
    "algorithm": "KTBoost",
    "params": {
        "alpha": 0.9,
        "alphaReg": 0.0009619499527077736,
        "base_learner": "combined",
        "criterion": "mse",
        "gamma": 1,
        "init": null,
        "kernel": "rbf",
        "learning_rate": 0.010296474814244705,
        "loss": "ls",
        "max_depth": 3,
        "max_features": 0.7863643896324297,
        "max_leaf_nodes": null,
        "min_impurity_decrease": 0.0,
        "min_samples_leaf": 1,
        "min_samples_split": 2,
        "min_weight_fraction_leaf": 0.0,
        "min_weight_leaf": 1.0,
        "n_components": 62,
        "n_estimators": 440,
        "n_iter_no_change": null,
        "n_neighbors": null,
        "nystroem": true,
        "prctg_neighbors": null,
        "random_state": 11964,
        "range_adjust": 1.0,
        "scaleX": false,
        "sigma": 1.0,
        "sparse": false,
        "subsample": 0.7651985705808905,
        "theta": 1.0595471674285184,
        "tol": 0.0001,
        "tweedie_variance_power": 1.5,
        "update_step": "hybrid",
        "validation_fraction": 0.1,
        "verbose": 0,
        "warm_start": false,
        "yl": 0.0,
        "yu": 1.0
    },
    "random_state": 11964,
    "process_time": 1712.8521319,
    "time_time": 1713.9964056015015,
    "target_noise": 0.0,
    "feature_noise": 0.0,
    "model_size": 18,
    "symbolic_model": "not implemented",
    "mse_train": 761113.425547513,
    "mae_train": 683.474868894729,
    "r2_train": 0.3905294712198829,
    "mse_test": 776981.7313707847,
    "mae_test": 692.4195600960915,
    "r2_test": 0.36369406612876887
}