{
    "dataset": "1191_BNG_pbc",
    "algorithm": "KTBoost",
    "params": {
        "alpha": 0.9,
        "alphaReg": 0.0005056782940381829,
        "base_learner": "combined",
        "criterion": "mse",
        "gamma": 1,
        "init": null,
        "kernel": "rbf",
        "learning_rate": 0.012511707959244228,
        "loss": "ls",
        "max_depth": 5,
        "max_features": 0.5116386942281326,
        "max_leaf_nodes": null,
        "min_impurity_decrease": 0.0,
        "min_samples_leaf": 1,
        "min_samples_split": 2,
        "min_weight_fraction_leaf": 0.0,
        "min_weight_leaf": 1.0,
        "n_components": 51,
        "n_estimators": 521,
        "n_iter_no_change": null,
        "n_neighbors": null,
        "nystroem": true,
        "prctg_neighbors": null,
        "random_state": 11284,
        "range_adjust": 1.0,
        "scaleX": false,
        "sigma": 1.0,
        "sparse": false,
        "subsample": 0.5572048680748241,
        "theta": 2.844805629983136,
        "tol": 0.0001,
        "tweedie_variance_power": 1.5,
        "update_step": "hybrid",
        "validation_fraction": 0.1,
        "verbose": 0,
        "warm_start": false,
        "yl": 0.0,
        "yu": 1.0
    },
    "random_state": 11284,
    "process_time": 1907.24210975,
    "time_time": 1909.2911360263824,
    "target_noise": 0.0,
    "feature_noise": 0.0,
    "model_size": 18,
    "symbolic_model": "not implemented",
    "mse_train": 612984.1485610992,
    "mae_train": 609.3866251119928,
    "r2_train": 0.492486595616624,
    "mse_test": 753062.461405457,
    "mae_test": 673.9776367881799,
    "r2_test": 0.3817983856797561
}