{
    "dataset": "1191_BNG_pbc",
    "algorithm": "KTBoost",
    "params": {
        "alpha": 0.9,
        "alphaReg": 2.8433183565969736e-06,
        "base_learner": "combined",
        "criterion": "mse",
        "gamma": 1,
        "init": null,
        "kernel": "rbf",
        "learning_rate": 0.004457189328604514,
        "loss": "ls",
        "max_depth": 9,
        "max_features": 0.6213498695170979,
        "max_leaf_nodes": null,
        "min_impurity_decrease": 0.0,
        "min_samples_leaf": 1,
        "min_samples_split": 2,
        "min_weight_fraction_leaf": 0.0,
        "min_weight_leaf": 1.0,
        "n_components": 16,
        "n_estimators": 884,
        "n_iter_no_change": null,
        "n_neighbors": null,
        "nystroem": true,
        "prctg_neighbors": null,
        "random_state": 29802,
        "range_adjust": 1.0,
        "scaleX": false,
        "sigma": 1.0,
        "sparse": false,
        "subsample": 0.507217988143716,
        "theta": 8.489569912809019,
        "tol": 0.0001,
        "tweedie_variance_power": 1.5,
        "update_step": "hybrid",
        "validation_fraction": 0.1,
        "verbose": 0,
        "warm_start": false,
        "yl": 0.0,
        "yu": 1.0
    },
    "random_state": 29802,
    "process_time": 1607.74934214,
    "time_time": 1609.66566157341,
    "target_noise": 0.0,
    "feature_noise": 0.0,
    "model_size": 18,
    "symbolic_model": "not implemented",
    "mse_train": 313604.02621047146,
    "mae_train": 439.85122540828775,
    "r2_train": 0.7430656806199369,
    "mse_test": 752150.6528523042,
    "mae_test": 671.141128035068,
    "r2_test": 0.38065822740142885
}