{
    "dataset": "1027_ESL",
    "algorithm": "KTBoost",
    "params": {
        "alpha": 0.9,
        "alphaReg": 38.61855714186132,
        "base_learner": "combined",
        "criterion": "mse",
        "gamma": 1,
        "init": null,
        "kernel": "rbf",
        "learning_rate": 0.01642895401406537,
        "loss": "ls",
        "max_depth": 2,
        "max_features": 0.8515746043925783,
        "max_leaf_nodes": null,
        "min_impurity_decrease": 0.0,
        "min_samples_leaf": 1,
        "min_samples_split": 2,
        "min_weight_fraction_leaf": 0.0,
        "min_weight_leaf": 1.0,
        "n_components": 93,
        "n_estimators": 592,
        "n_iter_no_change": null,
        "n_neighbors": null,
        "nystroem": true,
        "prctg_neighbors": null,
        "random_state": 11964,
        "range_adjust": 1.0,
        "scaleX": false,
        "sigma": 1.0,
        "sparse": false,
        "subsample": 0.5029953919840295,
        "theta": 1.737659681691916,
        "tol": 0.0001,
        "tweedie_variance_power": 1.5,
        "update_step": "hybrid",
        "validation_fraction": 0.1,
        "verbose": 0,
        "warm_start": false,
        "yl": 0.0,
        "yu": 1.0
    },
    "random_state": 11964,
    "process_time": 1106.5371595,
    "time_time": 1107.3268411159515,
    "target_noise": 0.0,
    "feature_noise": 0.0,
    "model_size": 4,
    "symbolic_model": "not implemented",
    "mse_train": 0.20947856472476523,
    "mae_train": 0.3573649283960003,
    "r2_train": 0.8939901601570427,
    "mse_test": 0.28684694328928617,
    "mae_test": 0.3985110920269982,
    "r2_test": 0.8649982639077396
}