{
    "dataset": "1027_ESL",
    "algorithm": "KTBoost",
    "params": {
        "alpha": 0.9,
        "alphaReg": 4.146984975958843,
        "base_learner": "combined",
        "criterion": "mse",
        "gamma": 1,
        "init": null,
        "kernel": "rbf",
        "learning_rate": 0.03567590255819046,
        "loss": "ls",
        "max_depth": 2,
        "max_features": 0.9132564476601714,
        "max_leaf_nodes": null,
        "min_impurity_decrease": 0.0,
        "min_samples_leaf": 1,
        "min_samples_split": 2,
        "min_weight_fraction_leaf": 0.0,
        "min_weight_leaf": 1.0,
        "n_components": 94,
        "n_estimators": 225,
        "n_iter_no_change": null,
        "n_neighbors": null,
        "nystroem": true,
        "prctg_neighbors": null,
        "random_state": 11284,
        "range_adjust": 1.0,
        "scaleX": false,
        "sigma": 1.0,
        "sparse": false,
        "subsample": 0.6082046800566064,
        "theta": 0.05495429175448164,
        "tol": 0.0001,
        "tweedie_variance_power": 1.5,
        "update_step": "hybrid",
        "validation_fraction": 0.1,
        "verbose": 0,
        "warm_start": false,
        "yl": 0.0,
        "yu": 1.0
    },
    "random_state": 11284,
    "process_time": 1193.0718283800002,
    "time_time": 1193.8469574451447,
    "target_noise": 0.0,
    "feature_noise": 0.0,
    "model_size": 4,
    "symbolic_model": "not implemented",
    "mse_train": 0.1805217601167982,
    "mae_train": 0.33652882370757525,
    "r2_train": 0.9102753006415059,
    "mse_test": 0.374873832399254,
    "mae_test": 0.4735856572981276,
    "r2_test": 0.8151279904101754
}