{
    "dataset": "1027_ESL",
    "algorithm": "KTBoost",
    "params": {
        "alpha": 0.9,
        "alphaReg": 0.012398811883591073,
        "base_learner": "combined",
        "criterion": "mse",
        "gamma": 1,
        "init": null,
        "kernel": "rbf",
        "learning_rate": 0.09059688700106736,
        "loss": "ls",
        "max_depth": 3,
        "max_features": 0.8093592517417691,
        "max_leaf_nodes": null,
        "min_impurity_decrease": 0.0,
        "min_samples_leaf": 1,
        "min_samples_split": 2,
        "min_weight_fraction_leaf": 0.0,
        "min_weight_leaf": 1.0,
        "n_components": 45,
        "n_estimators": 76,
        "n_iter_no_change": null,
        "n_neighbors": null,
        "nystroem": true,
        "prctg_neighbors": null,
        "random_state": 860,
        "range_adjust": 1.0,
        "scaleX": false,
        "sigma": 1.0,
        "sparse": false,
        "subsample": 0.5462920755586268,
        "theta": 13.341954780158979,
        "tol": 0.0001,
        "tweedie_variance_power": 1.5,
        "update_step": "hybrid",
        "validation_fraction": 0.1,
        "verbose": 0,
        "warm_start": false,
        "yl": 0.0,
        "yu": 1.0
    },
    "random_state": 860,
    "process_time": 1140.80101531,
    "time_time": 1142.099568605423,
    "target_noise": 0.0,
    "feature_noise": 0.0,
    "model_size": 4,
    "symbolic_model": "not implemented",
    "mse_train": 0.19063652521273136,
    "mae_train": 0.33576957622698445,
    "r2_train": 0.9062755759524177,
    "mse_test": 0.27106086725325457,
    "mae_test": 0.4024102578733673,
    "r2_test": 0.8595631457742468
}