{
    "dataset": "1089_USCrime",
    "algorithm": "KTBoost",
    "params": {
        "alpha": 0.9,
        "alphaReg": 2.3883554902846653e-06,
        "base_learner": "combined",
        "criterion": "mse",
        "gamma": 1,
        "init": null,
        "kernel": "rbf",
        "learning_rate": 0.011045048486127038,
        "loss": "ls",
        "max_depth": 7,
        "max_features": 0.7967301681329031,
        "max_leaf_nodes": null,
        "min_impurity_decrease": 0.0,
        "min_samples_leaf": 1,
        "min_samples_split": 2,
        "min_weight_fraction_leaf": 0.0,
        "min_weight_leaf": 1.0,
        "n_components": 79,
        "n_estimators": 450,
        "n_iter_no_change": null,
        "n_neighbors": null,
        "nystroem": true,
        "prctg_neighbors": null,
        "random_state": 11284,
        "range_adjust": 1.0,
        "scaleX": false,
        "sigma": 1.0,
        "sparse": false,
        "subsample": 0.9066632186064404,
        "theta": 20.121615480310066,
        "tol": 0.0001,
        "tweedie_variance_power": 1.5,
        "update_step": "hybrid",
        "validation_fraction": 0.1,
        "verbose": 0,
        "warm_start": false,
        "yl": 0.0,
        "yu": 1.0
    },
    "random_state": 11284,
    "process_time": 1050.84617499,
    "time_time": 1052.5148749351501,
    "target_noise": 0.0,
    "feature_noise": 0.0,
    "model_size": 13,
    "symbolic_model": "not implemented",
    "mse_train": 0.06053018240442378,
    "mae_train": 0.21239078484558718,
    "r2_train": 0.9999559217598575,
    "mse_test": 541.3864500194968,
    "mae_test": 15.402570971419143,
    "r2_test": 0.7311625005075812
}