{
    "dataset": "1089_USCrime",
    "algorithm": "KTBoost",
    "params": {
        "alpha": 0.9,
        "alphaReg": 4.214858506614118,
        "base_learner": "combined",
        "criterion": "mse",
        "gamma": 1,
        "init": null,
        "kernel": "rbf",
        "learning_rate": 0.06440518105419787,
        "loss": "ls",
        "max_depth": 12,
        "max_features": 0.6442262543730357,
        "max_leaf_nodes": null,
        "min_impurity_decrease": 0.0,
        "min_samples_leaf": 1,
        "min_samples_split": 2,
        "min_weight_fraction_leaf": 0.0,
        "min_weight_leaf": 1.0,
        "n_components": 57,
        "n_estimators": 752,
        "n_iter_no_change": null,
        "n_neighbors": null,
        "nystroem": true,
        "prctg_neighbors": null,
        "random_state": 23654,
        "range_adjust": 1.0,
        "scaleX": false,
        "sigma": 1.0,
        "sparse": false,
        "subsample": 0.7317046690370557,
        "theta": 1.0744084540171641,
        "tol": 0.0001,
        "tweedie_variance_power": 1.5,
        "update_step": "hybrid",
        "validation_fraction": 0.1,
        "verbose": 0,
        "warm_start": false,
        "yl": 0.0,
        "yu": 1.0
    },
    "random_state": 23654,
    "process_time": 1057.54513642,
    "time_time": 1058.1434073448181,
    "target_noise": 0.0,
    "feature_noise": 0.0,
    "model_size": 13,
    "symbolic_model": "not implemented",
    "mse_train": 1.2049660449309804e-15,
    "mae_train": 2.156857306090387e-08,
    "r2_train": 1.0,
    "mse_test": 480.99443825983207,
    "mae_test": 16.324185798531357,
    "r2_test": 0.6373711454300937
}