{
    "dataset": "1089_USCrime",
    "algorithm": "KTBoost",
    "params": {
        "alpha": 0.9,
        "alphaReg": 0.05601592400947209,
        "base_learner": "combined",
        "criterion": "mse",
        "gamma": 1,
        "init": null,
        "kernel": "rbf",
        "learning_rate": 0.0068222634572965134,
        "loss": "ls",
        "max_depth": 3,
        "max_features": 0.8556540145886212,
        "max_leaf_nodes": null,
        "min_impurity_decrease": 0.0,
        "min_samples_leaf": 1,
        "min_samples_split": 2,
        "min_weight_fraction_leaf": 0.0,
        "min_weight_leaf": 1.0,
        "n_components": 16,
        "n_estimators": 495,
        "n_iter_no_change": null,
        "n_neighbors": null,
        "nystroem": true,
        "prctg_neighbors": null,
        "random_state": 15795,
        "range_adjust": 1.0,
        "scaleX": false,
        "sigma": 1.0,
        "sparse": false,
        "subsample": 0.6484467975282369,
        "theta": 7.27656743182912,
        "tol": 0.0001,
        "tweedie_variance_power": 1.5,
        "update_step": "hybrid",
        "validation_fraction": 0.1,
        "verbose": 0,
        "warm_start": false,
        "yl": 0.0,
        "yu": 1.0
    },
    "random_state": 15795,
    "process_time": 1077.37833569,
    "time_time": 1079.0285692214966,
    "target_noise": 0.0,
    "feature_noise": 0.0,
    "model_size": 13,
    "symbolic_model": "not implemented",
    "mse_train": 15.004084530321965,
    "mae_train": 3.2076410459569185,
    "r2_train": 0.9892081663576427,
    "mse_test": 229.3478661692086,
    "mae_test": 11.547487298787358,
    "r2_test": 0.8807390764639772
}