{
    "dataset": "1089_USCrime",
    "algorithm": "KTBoost",
    "params": {
        "alpha": 0.9,
        "alphaReg": 2.9466573135277345e-05,
        "base_learner": "combined",
        "criterion": "mse",
        "gamma": 1,
        "init": null,
        "kernel": "rbf",
        "learning_rate": 0.006467197876318826,
        "loss": "ls",
        "max_depth": 10,
        "max_features": 0.5210311370531435,
        "max_leaf_nodes": null,
        "min_impurity_decrease": 0.0,
        "min_samples_leaf": 1,
        "min_samples_split": 2,
        "min_weight_fraction_leaf": 0.0,
        "min_weight_leaf": 1.0,
        "n_components": 44,
        "n_estimators": 622,
        "n_iter_no_change": null,
        "n_neighbors": null,
        "nystroem": true,
        "prctg_neighbors": null,
        "random_state": 11964,
        "range_adjust": 1.0,
        "scaleX": false,
        "sigma": 1.0,
        "sparse": false,
        "subsample": 0.5142195270764525,
        "theta": 5.921825623985334,
        "tol": 0.0001,
        "tweedie_variance_power": 1.5,
        "update_step": "hybrid",
        "validation_fraction": 0.1,
        "verbose": 0,
        "warm_start": false,
        "yl": 0.0,
        "yu": 1.0
    },
    "random_state": 11964,
    "process_time": 1044.73445526,
    "time_time": 1045.9659597873688,
    "target_noise": 0.0,
    "feature_noise": 0.0,
    "model_size": 13,
    "symbolic_model": "not implemented",
    "mse_train": 0.4616387812418728,
    "mae_train": 0.5924220285277406,
    "r2_train": 0.9996902506624762,
    "mse_test": 550.3436555762187,
    "mae_test": 19.125448524329645,
    "r2_test": 0.6109022393372997
}