{
    "dataset": "1089_USCrime",
    "algorithm": "KTBoost",
    "params": {
        "alpha": 0.9,
        "alphaReg": 0.0010490771457222156,
        "base_learner": "combined",
        "criterion": "mse",
        "gamma": 1,
        "init": null,
        "kernel": "rbf",
        "learning_rate": 0.056621515386651715,
        "loss": "ls",
        "max_depth": 3,
        "max_features": 0.7962845093844568,
        "max_leaf_nodes": null,
        "min_impurity_decrease": 0.0,
        "min_samples_leaf": 1,
        "min_samples_split": 2,
        "min_weight_fraction_leaf": 0.0,
        "min_weight_leaf": 1.0,
        "n_components": 14,
        "n_estimators": 915,
        "n_iter_no_change": null,
        "n_neighbors": null,
        "nystroem": true,
        "prctg_neighbors": null,
        "random_state": 29802,
        "range_adjust": 1.0,
        "scaleX": false,
        "sigma": 1.0,
        "sparse": false,
        "subsample": 0.6688916536289033,
        "theta": 0.12115450819436925,
        "tol": 0.0001,
        "tweedie_variance_power": 1.5,
        "update_step": "hybrid",
        "validation_fraction": 0.1,
        "verbose": 0,
        "warm_start": false,
        "yl": 0.0,
        "yu": 1.0
    },
    "random_state": 29802,
    "process_time": 981.60041899,
    "time_time": 983.7956364154816,
    "target_noise": 0.0,
    "feature_noise": 0.0,
    "model_size": 13,
    "symbolic_model": "not implemented",
    "mse_train": 2.702670707610927e-13,
    "mae_train": 3.986414079853213e-07,
    "r2_train": 0.9999999999999998,
    "mse_test": 218.75340033208954,
    "mae_test": 12.543819430966431,
    "r2_test": 0.891333780705247
}