{
    "dataset": "197_cpu_act",
    "algorithm": "KTBoost",
    "params": {
        "alpha": 0.9,
        "alphaReg": 32.17423217414999,
        "base_learner": "combined",
        "criterion": "mse",
        "gamma": 1,
        "init": null,
        "kernel": "rbf",
        "learning_rate": 0.02116548798718812,
        "loss": "ls",
        "max_depth": 6,
        "max_features": 0.5306005936469282,
        "max_leaf_nodes": null,
        "min_impurity_decrease": 0.0,
        "min_samples_leaf": 1,
        "min_samples_split": 2,
        "min_weight_fraction_leaf": 0.0,
        "min_weight_leaf": 1.0,
        "n_components": 56,
        "n_estimators": 746,
        "n_iter_no_change": null,
        "n_neighbors": null,
        "nystroem": true,
        "prctg_neighbors": null,
        "random_state": 11964,
        "range_adjust": 1.0,
        "scaleX": false,
        "sigma": 1.0,
        "sparse": false,
        "subsample": 0.6206144346986993,
        "theta": 5.941281781987371,
        "tol": 0.0001,
        "tweedie_variance_power": 1.5,
        "update_step": "hybrid",
        "validation_fraction": 0.1,
        "verbose": 0,
        "warm_start": false,
        "yl": 0.0,
        "yu": 1.0
    },
    "random_state": 11964,
    "process_time": 2342.62681673,
    "time_time": 2345.3956904411316,
    "target_noise": 0.0,
    "feature_noise": 0.0,
    "model_size": 21,
    "symbolic_model": "not implemented",
    "mse_train": 1.3019335624410941,
    "mae_train": 0.8708126046667836,
    "r2_train": 0.9963487746307353,
    "mse_test": 4.793232897853219,
    "mae_test": 1.5695341853206186,
    "r2_test": 0.9831146457443156
}