{
    "dataset": "197_cpu_act",
    "algorithm": "KTBoost",
    "params": {
        "alpha": 0.9,
        "alphaReg": 0.05543398816465542,
        "base_learner": "combined",
        "criterion": "mse",
        "gamma": 1,
        "init": null,
        "kernel": "rbf",
        "learning_rate": 0.024450495560826156,
        "loss": "ls",
        "max_depth": 6,
        "max_features": 0.8316493864547125,
        "max_leaf_nodes": null,
        "min_impurity_decrease": 0.0,
        "min_samples_leaf": 1,
        "min_samples_split": 2,
        "min_weight_fraction_leaf": 0.0,
        "min_weight_leaf": 1.0,
        "n_components": 88,
        "n_estimators": 717,
        "n_iter_no_change": null,
        "n_neighbors": null,
        "nystroem": true,
        "prctg_neighbors": null,
        "random_state": 15795,
        "range_adjust": 1.0,
        "scaleX": false,
        "sigma": 1.0,
        "sparse": false,
        "subsample": 0.5375783485258065,
        "theta": 18.862500227114662,
        "tol": 0.0001,
        "tweedie_variance_power": 1.5,
        "update_step": "hybrid",
        "validation_fraction": 0.1,
        "verbose": 0,
        "warm_start": false,
        "yl": 0.0,
        "yu": 1.0
    },
    "random_state": 15795,
    "process_time": 1967.16170531,
    "time_time": 1968.235933303833,
    "target_noise": 0.0,
    "feature_noise": 0.0,
    "model_size": 21,
    "symbolic_model": "not implemented",
    "mse_train": 1.1760568872034038,
    "mae_train": 0.8380481737972195,
    "r2_train": 0.9965170275078656,
    "mse_test": 4.916709243191617,
    "mae_test": 1.552248300992471,
    "r2_test": 0.9855973304813068
}