{
    "dataset": "197_cpu_act",
    "algorithm": "KTBoost",
    "params": {
        "alpha": 0.9,
        "alphaReg": 4.814139092652718,
        "base_learner": "combined",
        "criterion": "mse",
        "gamma": 1,
        "init": null,
        "kernel": "rbf",
        "learning_rate": 0.016040868813972556,
        "loss": "ls",
        "max_depth": 6,
        "max_features": 0.7539145331263106,
        "max_leaf_nodes": null,
        "min_impurity_decrease": 0.0,
        "min_samples_leaf": 1,
        "min_samples_split": 2,
        "min_weight_fraction_leaf": 0.0,
        "min_weight_leaf": 1.0,
        "n_components": 93,
        "n_estimators": 431,
        "n_iter_no_change": null,
        "n_neighbors": null,
        "nystroem": true,
        "prctg_neighbors": null,
        "random_state": 22118,
        "range_adjust": 1.0,
        "scaleX": false,
        "sigma": 1.0,
        "sparse": false,
        "subsample": 0.7828881939116418,
        "theta": 0.21652236762278151,
        "tol": 0.0001,
        "tweedie_variance_power": 1.5,
        "update_step": "hybrid",
        "validation_fraction": 0.1,
        "verbose": 0,
        "warm_start": false,
        "yl": 0.0,
        "yu": 1.0
    },
    "random_state": 22118,
    "process_time": 2068.53976318,
    "time_time": 2070.2006142139435,
    "target_noise": 0.0,
    "feature_noise": 0.0,
    "model_size": 21,
    "symbolic_model": "not implemented",
    "mse_train": 2.6023775482710714,
    "mae_train": 1.2032458357291078,
    "r2_train": 0.9924181367024746,
    "mse_test": 5.856501230489249,
    "mae_test": 1.6082065290408647,
    "r2_test": 0.9819561866853233
}