{
    "dataset": "197_cpu_act",
    "algorithm": "KTBoost",
    "params": {
        "alpha": 0.9,
        "alphaReg": 873.0051612396401,
        "base_learner": "combined",
        "criterion": "mse",
        "gamma": 1,
        "init": null,
        "kernel": "rbf",
        "learning_rate": 0.01756705361395314,
        "loss": "ls",
        "max_depth": 6,
        "max_features": 0.5237544731340931,
        "max_leaf_nodes": null,
        "min_impurity_decrease": 0.0,
        "min_samples_leaf": 1,
        "min_samples_split": 2,
        "min_weight_fraction_leaf": 0.0,
        "min_weight_leaf": 1.0,
        "n_components": 70,
        "n_estimators": 590,
        "n_iter_no_change": null,
        "n_neighbors": null,
        "nystroem": true,
        "prctg_neighbors": null,
        "random_state": 21575,
        "range_adjust": 1.0,
        "scaleX": false,
        "sigma": 1.0,
        "sparse": false,
        "subsample": 0.8526218500509426,
        "theta": 0.7589957559678617,
        "tol": 0.0001,
        "tweedie_variance_power": 1.5,
        "update_step": "hybrid",
        "validation_fraction": 0.1,
        "verbose": 0,
        "warm_start": false,
        "yl": 0.0,
        "yu": 1.0
    },
    "random_state": 21575,
    "process_time": 2013.8263299100001,
    "time_time": 2015.5854709148407,
    "target_noise": 0.0,
    "feature_noise": 0.0,
    "model_size": 21,
    "symbolic_model": "not implemented",
    "mse_train": 1.9375579878150375,
    "mae_train": 1.0423414485989324,
    "r2_train": 0.9942080142925005,
    "mse_test": 4.6049781103352245,
    "mae_test": 1.5372349788189874,
    "r2_test": 0.9868721183896325
}