{
    "dataset": "197_cpu_act",
    "algorithm": "KTBoost",
    "params": {
        "alpha": 0.9,
        "alphaReg": 808.66153966255,
        "base_learner": "combined",
        "criterion": "mse",
        "gamma": 1,
        "init": null,
        "kernel": "rbf",
        "learning_rate": 0.02048800644522547,
        "loss": "ls",
        "max_depth": 6,
        "max_features": 0.7505280075504517,
        "max_leaf_nodes": null,
        "min_impurity_decrease": 0.0,
        "min_samples_leaf": 1,
        "min_samples_split": 2,
        "min_weight_fraction_leaf": 0.0,
        "min_weight_leaf": 1.0,
        "n_components": 66,
        "n_estimators": 963,
        "n_iter_no_change": null,
        "n_neighbors": null,
        "nystroem": true,
        "prctg_neighbors": null,
        "random_state": 5390,
        "range_adjust": 1.0,
        "scaleX": false,
        "sigma": 1.0,
        "sparse": false,
        "subsample": 0.6906202943265383,
        "theta": 13.140687018639088,
        "tol": 0.0001,
        "tweedie_variance_power": 1.5,
        "update_step": "hybrid",
        "validation_fraction": 0.1,
        "verbose": 0,
        "warm_start": false,
        "yl": 0.0,
        "yu": 1.0
    },
    "random_state": 5390,
    "process_time": 2194.23380031,
    "time_time": 2195.5499019622803,
    "target_noise": 0.0,
    "feature_noise": 0.0,
    "model_size": 21,
    "symbolic_model": "not implemented",
    "mse_train": 0.9801817332284077,
    "mae_train": 0.765043117514618,
    "r2_train": 0.9970474351214625,
    "mse_test": 4.350617261458081,
    "mae_test": 1.4864774632435558,
    "r2_test": 0.9878616282397501
}