{
    "dataset": "207_autoPrice",
    "algorithm": "KTBoost",
    "params": {
        "alpha": 0.9,
        "alphaReg": 1.7545776432452995,
        "base_learner": "combined",
        "criterion": "mse",
        "gamma": 1,
        "init": null,
        "kernel": "rbf",
        "learning_rate": 0.06633365024948479,
        "loss": "ls",
        "max_depth": 5,
        "max_features": 0.9244423939873574,
        "max_leaf_nodes": null,
        "min_impurity_decrease": 0.0,
        "min_samples_leaf": 1,
        "min_samples_split": 2,
        "min_weight_fraction_leaf": 0.0,
        "min_weight_leaf": 1.0,
        "n_components": 64,
        "n_estimators": 811,
        "n_iter_no_change": null,
        "n_neighbors": null,
        "nystroem": true,
        "prctg_neighbors": null,
        "random_state": 11284,
        "range_adjust": 1.0,
        "scaleX": false,
        "sigma": 1.0,
        "sparse": false,
        "subsample": 0.5690097863853245,
        "theta": 0.7387673349176633,
        "tol": 0.0001,
        "tweedie_variance_power": 1.5,
        "update_step": "hybrid",
        "validation_fraction": 0.1,
        "verbose": 0,
        "warm_start": false,
        "yl": 0.0,
        "yu": 1.0
    },
    "random_state": 11284,
    "process_time": 1170.2990786799999,
    "time_time": 1171.148449420929,
    "target_noise": 0.0,
    "feature_noise": 0.0,
    "model_size": 15,
    "symbolic_model": "not implemented",
    "mse_train": 3.8913081492677426,
    "mae_train": 1.5064877265049672,
    "r2_train": 0.9999998820960261,
    "mse_test": 2050882.043378543,
    "mae_test": 1056.439716006349,
    "r2_test": 0.9463653561801278
}