{
    "dataset": "207_autoPrice",
    "algorithm": "KTBoost",
    "params": {
        "alpha": 0.9,
        "alphaReg": 8.542192495358553e-05,
        "base_learner": "combined",
        "criterion": "mse",
        "gamma": 1,
        "init": null,
        "kernel": "rbf",
        "learning_rate": 0.04785343879713415,
        "loss": "ls",
        "max_depth": 17,
        "max_features": 0.5483122012985651,
        "max_leaf_nodes": null,
        "min_impurity_decrease": 0.0,
        "min_samples_leaf": 1,
        "min_samples_split": 2,
        "min_weight_fraction_leaf": 0.0,
        "min_weight_leaf": 1.0,
        "n_components": 2,
        "n_estimators": 350,
        "n_iter_no_change": null,
        "n_neighbors": null,
        "nystroem": true,
        "prctg_neighbors": null,
        "random_state": 15795,
        "range_adjust": 1.0,
        "scaleX": false,
        "sigma": 1.0,
        "sparse": false,
        "subsample": 0.6410188484675994,
        "theta": 0.10552905733643364,
        "tol": 0.0001,
        "tweedie_variance_power": 1.5,
        "update_step": "hybrid",
        "validation_fraction": 0.1,
        "verbose": 0,
        "warm_start": false,
        "yl": 0.0,
        "yu": 1.0
    },
    "random_state": 15795,
    "process_time": 1110.65639547,
    "time_time": 1111.5997779369354,
    "target_noise": 0.0,
    "feature_noise": 0.0,
    "model_size": 15,
    "symbolic_model": "not implemented",
    "mse_train": 29339.318950191748,
    "mae_train": 42.434299282046915,
    "r2_train": 0.9990087755153845,
    "mse_test": 7082354.491690245,
    "mae_test": 1582.1098579260615,
    "r2_test": 0.845899409930287
}