{
    "dataset": "207_autoPrice",
    "algorithm": "KTBoost",
    "params": {
        "alpha": 0.9,
        "alphaReg": 56.369711993866076,
        "base_learner": "combined",
        "criterion": "mse",
        "gamma": 1,
        "init": null,
        "kernel": "rbf",
        "learning_rate": 0.00426782177876715,
        "loss": "ls",
        "max_depth": 3,
        "max_features": 0.5114008923063901,
        "max_leaf_nodes": null,
        "min_impurity_decrease": 0.0,
        "min_samples_leaf": 1,
        "min_samples_split": 2,
        "min_weight_fraction_leaf": 0.0,
        "min_weight_leaf": 1.0,
        "n_components": 68,
        "n_estimators": 819,
        "n_iter_no_change": null,
        "n_neighbors": null,
        "nystroem": true,
        "prctg_neighbors": null,
        "random_state": 11964,
        "range_adjust": 1.0,
        "scaleX": false,
        "sigma": 1.0,
        "sparse": false,
        "subsample": 0.8766556269688541,
        "theta": 0.31306177946254227,
        "tol": 0.0001,
        "tweedie_variance_power": 1.5,
        "update_step": "hybrid",
        "validation_fraction": 0.1,
        "verbose": 0,
        "warm_start": false,
        "yl": 0.0,
        "yu": 1.0
    },
    "random_state": 11964,
    "process_time": 1164.44002029,
    "time_time": 1167.091768026352,
    "target_noise": 0.0,
    "feature_noise": 0.0,
    "model_size": 15,
    "symbolic_model": "not implemented",
    "mse_train": 848079.8177121683,
    "mae_train": 723.0900588854381,
    "r2_train": 0.9784806438191479,
    "mse_test": 2414243.132773296,
    "mae_test": 974.9473928948839,
    "r2_test": 0.8428958865015743
}